CE_ID,MegaWatt_hour,Month_YearID,Country,IMP_EXP
1,125236.17,1,Estados Unidos,Exportada
2,153097.94,2,Estados Unidos,Exportada
3,141363.942,3,Estados Unidos,Exportada
4,170541.765,4,Estados Unidos,Exportada
5,119085.521,5,Estados Unidos,Exportada
6,55525.835,6,Estados Unidos,Exportada
7,75095.362,7,Estados Unidos,Exportada
8,104195.549,8,Estados Unidos,Exportada
9,108043.598,9,Estados Unidos,Exportada
10,172466.13,10,Estados Unidos,Exportada
11,161365.67,11,Estados Unidos,Exportada
12,147267.567,12,Estados Unidos,Exportada
13,68197.88,13,Estados Unidos,Exportada
14,63930.14,14,Estados Unidos,Exportada
15,70061.47,15,Estados Unidos,Exportada
16,59879.5,16,Estados Unidos,Exportada
17,28895.284,17,Estados Unidos,Exportada
18,35451.922,18,Estados Unidos,Exportada
19,65264.107,19,Estados Unidos,Exportada
20,67346.058,20,Estados Unidos,Exportada
21,90433.619,21,Estados Unidos,Exportada
22,163234.02,22,Estados Unidos,Exportada
23,175678.664,23,Estados Unidos,Exportada
24,199926.724,24,Estados Unidos,Exportada
25,190264.831,25,Estados Unidos,Exportada
26,120444.001,26,Estados Unidos,Exportada
27,85564.632,27,Estados Unidos,Exportada
28,77335.499,28,Estados Unidos,Exportada
29,81325.309,29,Estados Unidos,Exportada
30,29676.885,30,Estados Unidos,Exportada
31,45659.982,31,Estados Unidos,Exportada
32,40830.191,32,Estados Unidos,Exportada
33,65788.465,33,Estados Unidos,Exportada
34,83953.224,34,Estados Unidos,Exportada
35,186647.168,35,Estados Unidos,Exportada
36,216452.054,36,Estados Unidos,Exportada
37,171449.55,37,Estados Unidos,Exportada
38,144115.42,38,Estados Unidos,Exportada
39,143455.77,39,Estados Unidos,Exportada
40,51035.78,40,Estados Unidos,Exportada
41,73877.74,41,Estados Unidos,Exportada
42,39264.63,42,Estados Unidos,Exportada
43,48594.16,43,Estados Unidos,Exportada
44,61081.21,44,Estados Unidos,Exportada
45,77285.91,45,Estados Unidos,Exportada
46,114013.27,46,Estados Unidos,Exportada
47,123942.4,47,Estados Unidos,Exportada
48,153376.21,48,Estados Unidos,Exportada
49,153471.53,49,Estados Unidos,Exportada
50,128034.27,50,Estados Unidos,Exportada
51,78174.84,51,Estados Unidos,Exportada
52,58251.31,52,Estados Unidos,Exportada
53,25111.78,53,Estados Unidos,Exportada
54,41479.27,54,Estados Unidos,Exportada
55,37182.06,55,Estados Unidos,Exportada
56,53634.83,56,Estados Unidos,Exportada
57,78217.33,57,Estados Unidos,Exportada
58,137073.88,58,Estados Unidos,Exportada
59,102569.65,59,Estados Unidos,Exportada
60,117622.41,60,Estados Unidos,Exportada
61,117933.607,61,Estados Unidos,Exportada
62,87014.885,62,Estados Unidos,Exportada
63,80434.857,63,Estados Unidos,Exportada
64,71775.376,64,Estados Unidos,Exportada
65,38819.783,65,Estados Unidos,Exportada
66,9668.468,66,Estados Unidos,Exportada
67,30934.784,67,Estados Unidos,Exportada
68,38700.283,68,Estados Unidos,Exportada
69,55373.557,69,Estados Unidos,Exportada
70,93868.965,70,Estados Unidos,Exportada
71,107231.073,71,Estados Unidos,Exportada
72,108387.059,72,Estados Unidos,Exportada
73,73385.721,73,Estados Unidos,Exportada
74,84683.05,74,Estados Unidos,Exportada
75,56366.731,75,Estados Unidos,Exportada
76,33137.118,76,Estados Unidos,Exportada
77,33870.377,77,Estados Unidos,Exportada
78,16907.32,78,Estados Unidos,Exportada
79,23738.416,79,Estados Unidos,Exportada
80,38869.161,80,Estados Unidos,Exportada
81,34343.934,81,Estados Unidos,Exportada
82,47463.444,82,Estados Unidos,Exportada
83,102340.68,83,Estados Unidos,Exportada
84,72842.459,84,Estados Unidos,Exportada
85,81377.3,85,Estados Unidos,Exportada
86,94848.84,86,Estados Unidos,Exportada
87,53992.66,87,Estados Unidos,Exportada
88,48539.05,88,Estados Unidos,Exportada
89,42118.48,89,Estados Unidos,Exportada
90,27088.2,90,Estados Unidos,Exportada
91,28962.05,91,Estados Unidos,Exportada
92,23046.2,92,Estados Unidos,Exportada
93,17137.651,93,Estados Unidos,Exportada
94,65556.781,94,Estados Unidos,Exportada
95,68333.66,95,Estados Unidos,Exportada
96,97253.487,96,Estados Unidos,Exportada
97,63925.061,97,Estados Unidos,Exportada
98,47440.198,98,Estados Unidos,Exportada
99,91252.747,99,Estados Unidos,Exportada
100,91067.274,100,Estados Unidos,Exportada
101,32232.101,101,Estados Unidos,Exportada
102,37979.268,102,Estados Unidos,Exportada
103,28325.369,103,Estados Unidos,Exportada
104,31363.535,104,Estados Unidos,Exportada
105,46086.661,105,Estados Unidos,Exportada
106,104082.903,106,Estados Unidos,Exportada
107,110175.762,107,Estados Unidos,Exportada
108,117814.857,108,Estados Unidos,Exportada
109,139536.584,109,Estados Unidos,Exportada
110,138692.286,110,Estados Unidos,Exportada
111,118722.257,111,Estados Unidos,Exportada
112,129224.573,112,Estados Unidos,Exportada
113,98079.683,113,Estados Unidos,Exportada
114,210728.436,114,Estados Unidos,Exportada
115,273895.846,115,Estados Unidos,Exportada
116,248855.836,116,Estados Unidos,Exportada
117,227142.54,117,Estados Unidos,Exportada
118,88196.053,118,Estados Unidos,Exportada
119,88265.39,119,Estados Unidos,Exportada
120,149521.143,120,Estados Unidos,Exportada
121,140185.838,121,Estados Unidos,Exportada
122,124975.488,122,Estados Unidos,Exportada
123,126298.472,123,Estados Unidos,Exportada
124,122873.456,124,Estados Unidos,Exportada
125,71365.177,125,Estados Unidos,Exportada
126,161439.562,126,Estados Unidos,Exportada
127,138347.939,127,Estados Unidos,Exportada
128,201328.619,128,Estados Unidos,Exportada
129,139713.339,129,Estados Unidos,Exportada
130,118334.658,130,Estados Unidos,Exportada
131,122095.639,131,Estados Unidos,Exportada
132,237230.061,132,Estados Unidos,Exportada
133,104744.499,133,Estados Unidos,Exportada
134,74546.926,134,Estados Unidos,Exportada
135,123305.025,135,Estados Unidos,Exportada
136,117995.151,136,Estados Unidos,Exportada
137,133061.96,137,Estados Unidos,Exportada
138,199977.02,138,Estados Unidos,Exportada
139,203888.44,139,Estados Unidos,Exportada
140,199207.826,140,Estados Unidos,Exportada
141,122383.737,141,Estados Unidos,Exportada
142,74510.517,142,Estados Unidos,Exportada
143,NULL,143,Estados Unidos,Exportada
144,NULL,144,Estados Unidos,Exportada
145,NULL,145,Estados Unidos,Exportada
146,NULL,146,Estados Unidos,Exportada
147,NULL,147,Estados Unidos,Exportada
148,NULL,148,Estados Unidos,Exportada
149,NULL,149,Estados Unidos,Exportada
150,NULL,150,Estados Unidos,Exportada
151,NULL,151,Estados Unidos,Exportada
152,NULL,152,Estados Unidos,Exportada
153,NULL,153,Estados Unidos,Exportada
154,NULL,154,Estados Unidos,Exportada
155,NULL,155,Estados Unidos,Exportada
156,NULL,156,Estados Unidos,Exportada
157,NULL,157,Estados Unidos,Exportada
158,NULL,158,Estados Unidos,Exportada
159,NULL,159,Estados Unidos,Exportada
160,NULL,160,Estados Unidos,Exportada
161,NULL,161,Estados Unidos,Exportada
162,NULL,162,Estados Unidos,Exportada
163,NULL,163,Estados Unidos,Exportada
164,NULL,164,Estados Unidos,Exportada
165,NULL,165,Estados Unidos,Exportada
166,NULL,166,Estados Unidos,Exportada
167,NULL,167,Estados Unidos,Exportada
168,NULL,168,Estados Unidos,Exportada
169,NULL,169,Estados Unidos,Exportada
170,NULL,170,Estados Unidos,Exportada
171,NULL,171,Estados Unidos,Exportada
172,NULL,172,Estados Unidos,Exportada
173,NULL,173,Estados Unidos,Exportada
174,NULL,174,Estados Unidos,Exportada
175,NULL,175,Estados Unidos,Exportada
176,NULL,176,Estados Unidos,Exportada
177,NULL,177,Estados Unidos,Exportada
178,NULL,178,Estados Unidos,Exportada
179,NULL,179,Estados Unidos,Exportada
180,NULL,180,Estados Unidos,Exportada
181,21497.113,1,Belice,Exportada
182,20713.372,2,Belice,Exportada
183,24097.632,3,Belice,Exportada
184,23122.364,4,Belice,Exportada
185,23367.142,5,Belice,Exportada
186,19226.681,6,Belice,Exportada
187,21709.006,7,Belice,Exportada
188,24363.292,8,Belice,Exportada
189,21761.865,9,Belice,Exportada
190,20334.552,10,Belice,Exportada
191,14964.226,11,Belice,Exportada
192,18033.524,12,Belice,Exportada
193,19537.213,13,Belice,Exportada
194,19722.355,14,Belice,Exportada
195,21475.801,15,Belice,Exportada
196,21438.875,16,Belice,Exportada
197,23466.803,17,Belice,Exportada
198,19599.831,18,Belice,Exportada
199,13466.4,19,Belice,Exportada
200,13185.237,20,Belice,Exportada
201,13202.372,21,Belice,Exportada
202,18213.653,22,Belice,Exportada
203,14081.924,23,Belice,Exportada
204,11793.992,24,Belice,Exportada
205,11214.83,25,Belice,Exportada
206,18051.64,26,Belice,Exportada
207,25875.224,27,Belice,Exportada
208,25508.08,28,Belice,Exportada
209,23617.733,29,Belice,Exportada
210,21470.017,30,Belice,Exportada
211,27966.05,31,Belice,Exportada
212,18020.154,32,Belice,Exportada
213,9319.595,33,Belice,Exportada
214,8784.721,34,Belice,Exportada
215,13156.014,35,Belice,Exportada
216,22202.817,36,Belice,Exportada
217,23987.13,37,Belice,Exportada
218,24681,38,Belice,Exportada
219,30081.06,39,Belice,Exportada
220,32038.69,40,Belice,Exportada
221,31775.64,41,Belice,Exportada
222,19163.66,42,Belice,Exportada
223,14926.66,43,Belice,Exportada
224,13870.32,44,Belice,Exportada
225,11802.17,45,Belice,Exportada
226,7586.28,46,Belice,Exportada
227,10204.21,47,Belice,Exportada
228,28195.49,48,Belice,Exportada
229,26194.28,49,Belice,Exportada
230,19478.29,50,Belice,Exportada
231,25282.22,51,Belice,Exportada
232,26975.52,52,Belice,Exportada
233,24202.69,53,Belice,Exportada
234,17777.06,54,Belice,Exportada
235,9341.62,55,Belice,Exportada
236,9469.21,56,Belice,Exportada
237,8232.59,57,Belice,Exportada
238,8235.66,58,Belice,Exportada
239,14790.25,59,Belice,Exportada
240,26201.84,60,Belice,Exportada
241,22699.403,61,Belice,Exportada
242,18801.637,62,Belice,Exportada
243,28202.247,63,Belice,Exportada
244,28373.787,64,Belice,Exportada
245,24713.909,65,Belice,Exportada
246,10246.173,66,Belice,Exportada
247,4795.099,67,Belice,Exportada
248,3338.984,68,Belice,Exportada
249,4203.945,69,Belice,Exportada
250,3033.402,70,Belice,Exportada
251,6030.049,71,Belice,Exportada
252,5136.686,72,Belice,Exportada
253,17688.986,73,Belice,Exportada
254,21209.092,74,Belice,Exportada
255,27130.184,75,Belice,Exportada
256,26687.007,76,Belice,Exportada
257,28473.628,77,Belice,Exportada
258,18826.24,78,Belice,Exportada
259,9742.593,79,Belice,Exportada
260,2246.22,80,Belice,Exportada
261,2990.041,81,Belice,Exportada
262,1180.778,82,Belice,Exportada
263,5100.119,83,Belice,Exportada
264,8905.095,84,Belice,Exportada
265,10789.08,85,Belice,Exportada
266,11716.68,86,Belice,Exportada
267,14612.02,87,Belice,Exportada
268,21434.38,88,Belice,Exportada
269,18482.96,89,Belice,Exportada
270,14081.15,90,Belice,Exportada
271,19315.43,91,Belice,Exportada
272,22835.15,92,Belice,Exportada
273,22854.447,93,Belice,Exportada
274,31261.216,94,Belice,Exportada
275,29521.248,95,Belice,Exportada
276,20862.867,96,Belice,Exportada
277,22227.324,97,Belice,Exportada
278,24532.718,98,Belice,Exportada
279,25783.381,99,Belice,Exportada
280,30469.568,100,Belice,Exportada
281,32259.552,101,Belice,Exportada
282,22225.083,102,Belice,Exportada
283,8232.311,103,Belice,Exportada
284,20892.474,104,Belice,Exportada
285,16125.083,105,Belice,Exportada
286,22192.919,106,Belice,Exportada
287,3820.542,107,Belice,Exportada
288,5149.501,108,Belice,Exportada
289,2216.35,109,Belice,Exportada
290,13049.224,110,Belice,Exportada
291,28676.314,111,Belice,Exportada
292,20354.923,112,Belice,Exportada
293,14186.048,113,Belice,Exportada
294,25750.832,114,Belice,Exportada
295,25012.168,115,Belice,Exportada
296,25006.786,116,Belice,Exportada
297,25101.155,117,Belice,Exportada
298,12905.551,118,Belice,Exportada
299,12349.832,119,Belice,Exportada
300,28541.239,120,Belice,Exportada
301,28313.036,121,Belice,Exportada
302,21711.954,122,Belice,Exportada
303,30455.45,123,Belice,Exportada
304,16340.727,124,Belice,Exportada
305,31027.155,125,Belice,Exportada
306,21172.777,126,Belice,Exportada
307,9592.325,127,Belice,Exportada
308,19493.146,128,Belice,Exportada
309,25493.025,129,Belice,Exportada
310,31697.016,130,Belice,Exportada
311,16567.896,131,Belice,Exportada
312,3125.392,132,Belice,Exportada
313,10854.092,133,Belice,Exportada
314,19467.373,134,Belice,Exportada
315,18677.691,135,Belice,Exportada
316,23740.538,136,Belice,Exportada
317,31924.327,137,Belice,Exportada
318,29023.502,138,Belice,Exportada
319,29734.447,139,Belice,Exportada
320,10508.097,140,Belice,Exportada
321,10801.641,141,Belice,Exportada
322,13132.702,142,Belice,Exportada
323,NULL,143,Belice,Exportada
324,NULL,144,Belice,Exportada
325,NULL,145,Belice,Exportada
326,NULL,146,Belice,Exportada
327,NULL,147,Belice,Exportada
328,NULL,148,Belice,Exportada
329,NULL,149,Belice,Exportada
330,NULL,150,Belice,Exportada
331,NULL,151,Belice,Exportada
332,NULL,152,Belice,Exportada
333,NULL,153,Belice,Exportada
334,NULL,154,Belice,Exportada
335,NULL,155,Belice,Exportada
336,NULL,156,Belice,Exportada
337,NULL,157,Belice,Exportada
338,NULL,158,Belice,Exportada
339,NULL,159,Belice,Exportada
340,NULL,160,Belice,Exportada
341,NULL,161,Belice,Exportada
342,NULL,162,Belice,Exportada
343,NULL,163,Belice,Exportada
344,NULL,164,Belice,Exportada
345,NULL,165,Belice,Exportada
346,NULL,166,Belice,Exportada
347,NULL,167,Belice,Exportada
348,NULL,168,Belice,Exportada
349,NULL,169,Belice,Exportada
350,NULL,170,Belice,Exportada
351,NULL,171,Belice,Exportada
352,NULL,172,Belice,Exportada
353,NULL,173,Belice,Exportada
354,NULL,174,Belice,Exportada
355,NULL,175,Belice,Exportada
356,NULL,176,Belice,Exportada
357,NULL,177,Belice,Exportada
358,NULL,178,Belice,Exportada
359,NULL,179,Belice,Exportada
360,NULL,180,Belice,Exportada
361,184.18,1,Guatemala,Exportada
362,123.23,2,Guatemala,Exportada
363,142.79,3,Guatemala,Exportada
364,126.554,4,Guatemala,Exportada
365,139.653,5,Guatemala,Exportada
366,133.414,6,Guatemala,Exportada
367,126.78,7,Guatemala,Exportada
368,131.132,8,Guatemala,Exportada
369,134.698,9,Guatemala,Exportada
370,118.328,10,Guatemala,Exportada
371,135.072,11,Guatemala,Exportada
372,153.757,12,Guatemala,Exportada
373,161.458,13,Guatemala,Exportada
374,149.259,14,Guatemala,Exportada
375,169.318,15,Guatemala,Exportada
376,176.751,16,Guatemala,Exportada
377,165.507,17,Guatemala,Exportada
378,154.37,18,Guatemala,Exportada
379,169.253,19,Guatemala,Exportada
380,165.349,20,Guatemala,Exportada
381,167.999,21,Guatemala,Exportada
382,176.781,22,Guatemala,Exportada
383,174.496,23,Guatemala,Exportada
384,183.407,24,Guatemala,Exportada
385,206.13,25,Guatemala,Exportada
386,174.348,26,Guatemala,Exportada
387,185.675,27,Guatemala,Exportada
388,177.303,28,Guatemala,Exportada
389,183.28,29,Guatemala,Exportada
390,177.994,30,Guatemala,Exportada
391,179.848,31,Guatemala,Exportada
392,185.853,32,Guatemala,Exportada
393,187.323,33,Guatemala,Exportada
394,207.015,34,Guatemala,Exportada
395,193.239,35,Guatemala,Exportada
396,194.346,36,Guatemala,Exportada
397,221.68,37,Guatemala,Exportada
398,205.25,38,Guatemala,Exportada
399,219.64,39,Guatemala,Exportada
400,207.65,40,Guatemala,Exportada
401,213.97,41,Guatemala,Exportada
402,202.05,42,Guatemala,Exportada
403,216.83,43,Guatemala,Exportada
404,203.66,44,Guatemala,Exportada
405,226.81,45,Guatemala,Exportada
406,231.59,46,Guatemala,Exportada
407,235.1,47,Guatemala,Exportada
408,259.58,48,Guatemala,Exportada
409,245.51,49,Guatemala,Exportada
410,224.83,50,Guatemala,Exportada
411,242.03,51,Guatemala,Exportada
412,231.96,52,Guatemala,Exportada
413,229.84,53,Guatemala,Exportada
414,225.42,54,Guatemala,Exportada
415,233.95,55,Guatemala,Exportada
416,247.62,56,Guatemala,Exportada
417,369.25,57,Guatemala,Exportada
418,9731.32,58,Guatemala,Exportada
419,952.93,59,Guatemala,Exportada
420,9206.49,60,Guatemala,Exportada
421,288.849,61,Guatemala,Exportada
422,5905.499,62,Guatemala,Exportada
423,54803.369,63,Guatemala,Exportada
424,64001.428,64,Guatemala,Exportada
425,33608.45,65,Guatemala,Exportada
426,17585.821,66,Guatemala,Exportada
427,28476.392,67,Guatemala,Exportada
428,15198.726,68,Guatemala,Exportada
429,276.558,69,Guatemala,Exportada
430,39684.66,70,Guatemala,Exportada
431,44688.496,71,Guatemala,Exportada
432,44066.653,72,Guatemala,Exportada
433,45962.926,73,Guatemala,Exportada
434,37582.097,74,Guatemala,Exportada
435,48093.425,75,Guatemala,Exportada
436,46699.951,76,Guatemala,Exportada
437,44929.947,77,Guatemala,Exportada
438,32597.285,78,Guatemala,Exportada
439,42043.08,79,Guatemala,Exportada
440,45543.059,80,Guatemala,Exportada
441,40140.201,81,Guatemala,Exportada
442,41027.011,82,Guatemala,Exportada
443,40690.779,83,Guatemala,Exportada
444,39039,84,Guatemala,Exportada
445,43435.6,85,Guatemala,Exportada
446,42980.84,86,Guatemala,Exportada
447,45850.91,87,Guatemala,Exportada
448,42928.07,88,Guatemala,Exportada
449,13950.19,89,Guatemala,Exportada
450,7044.73,90,Guatemala,Exportada
451,5156.49,91,Guatemala,Exportada
452,6749.12,92,Guatemala,Exportada
453,7062.208,93,Guatemala,Exportada
454,4933.156,94,Guatemala,Exportada
455,4434.534,95,Guatemala,Exportada
456,6193.922,96,Guatemala,Exportada
457,7293.207,97,Guatemala,Exportada
458,10061.706,98,Guatemala,Exportada
459,9769.778,99,Guatemala,Exportada
460,5990.994,100,Guatemala,Exportada
461,6575.016,101,Guatemala,Exportada
462,7209.909,102,Guatemala,Exportada
463,11554.305,103,Guatemala,Exportada
464,23498.924,104,Guatemala,Exportada
465,17376.298,105,Guatemala,Exportada
466,40281.973,106,Guatemala,Exportada
467,23115.069,107,Guatemala,Exportada
468,41669.278,108,Guatemala,Exportada
469,43863.777,109,Guatemala,Exportada
470,41648.541,110,Guatemala,Exportada
471,45942.447,111,Guatemala,Exportada
472,46671.339,112,Guatemala,Exportada
473,44707.092,113,Guatemala,Exportada
474,39673.906,114,Guatemala,Exportada
475,48213.511,115,Guatemala,Exportada
476,49293.23,116,Guatemala,Exportada
477,41812.163,117,Guatemala,Exportada
478,43136.027,118,Guatemala,Exportada
479,34679.335,119,Guatemala,Exportada
480,29022.555,120,Guatemala,Exportada
481,45215.60646,121,Guatemala,Exportada
482,39775.9862,122,Guatemala,Exportada
483,42611.6,123,Guatemala,Exportada
484,44218.53008,124,Guatemala,Exportada
485,38377.92758,125,Guatemala,Exportada
486,39000.89059,126,Guatemala,Exportada
487,45600.854,127,Guatemala,Exportada
488,25798.766,128,Guatemala,Exportada
489,12804.211,129,Guatemala,Exportada
490,7684.196,130,Guatemala,Exportada
491,11986.801,131,Guatemala,Exportada
492,8161.329,132,Guatemala,Exportada
493,25322.94141,133,Guatemala,Exportada
494,58260.30838,134,Guatemala,Exportada
495,17818.20383,135,Guatemala,Exportada
496,13708.56008,136,Guatemala,Exportada
497,15119.12955,137,Guatemala,Exportada
498,7452.627687,138,Guatemala,Exportada
499,10570.001,139,Guatemala,Exportada
500,86651.54328,140,Guatemala,Exportada
501,87714.058,141,Guatemala,Exportada
502,93449.90824,142,Guatemala,Exportada
503,NULL,143,Guatemala,Exportada
504,NULL,144,Guatemala,Exportada
505,NULL,145,Guatemala,Exportada
506,NULL,146,Guatemala,Exportada
507,NULL,147,Guatemala,Exportada
508,NULL,148,Guatemala,Exportada
509,NULL,149,Guatemala,Exportada
510,NULL,150,Guatemala,Exportada
511,NULL,151,Guatemala,Exportada
512,NULL,152,Guatemala,Exportada
513,NULL,153,Guatemala,Exportada
514,NULL,154,Guatemala,Exportada
515,NULL,155,Guatemala,Exportada
516,NULL,156,Guatemala,Exportada
517,NULL,157,Guatemala,Exportada
518,NULL,158,Guatemala,Exportada
519,NULL,159,Guatemala,Exportada
520,NULL,160,Guatemala,Exportada
521,NULL,161,Guatemala,Exportada
522,NULL,162,Guatemala,Exportada
523,NULL,163,Guatemala,Exportada
524,NULL,164,Guatemala,Exportada
525,NULL,165,Guatemala,Exportada
526,NULL,166,Guatemala,Exportada
527,NULL,167,Guatemala,Exportada
528,NULL,168,Guatemala,Exportada
529,NULL,169,Guatemala,Exportada
530,NULL,170,Guatemala,Exportada
531,NULL,171,Guatemala,Exportada
532,NULL,172,Guatemala,Exportada
533,NULL,173,Guatemala,Exportada
534,NULL,174,Guatemala,Exportada
535,NULL,175,Guatemala,Exportada
536,NULL,176,Guatemala,Exportada
537,NULL,177,Guatemala,Exportada
538,NULL,178,Guatemala,Exportada
539,NULL,179,Guatemala,Exportada
540,NULL,180,Guatemala,Exportada
541,5962.535,1,Estados Unidos,Importada
542,4737.561,2,Estados Unidos,Importada
543,7730.756,3,Estados Unidos,Importada
544,5346.706,4,Estados Unidos,Importada
545,11173.674,5,Estados Unidos,Importada
546,20609.221,6,Estados Unidos,Importada
547,17903.234,7,Estados Unidos,Importada
548,11589.735,8,Estados Unidos,Importada
549,7571.067,9,Estados Unidos,Importada
550,9058.169,10,Estados Unidos,Importada
551,11971.06,11,Estados Unidos,Importada
552,2327.391,12,Estados Unidos,Importada
553,12317.355,13,Estados Unidos,Importada
554,8228.51,14,Estados Unidos,Importada
555,3845.153,15,Estados Unidos,Importada
556,10313.709,16,Estados Unidos,Importada
557,27371.557,17,Estados Unidos,Importada
558,82381.373,18,Estados Unidos,Importada
559,166925.481,19,Estados Unidos,Importada
560,117800.874,20,Estados Unidos,Importada
561,54572.915,21,Estados Unidos,Importada
562,16769.979,22,Estados Unidos,Importada
563,11694.16,23,Estados Unidos,Importada
564,10433.971,24,Estados Unidos,Importada
565,6803.512,25,Estados Unidos,Importada
566,1403.512,26,Estados Unidos,Importada
567,4465.331,27,Estados Unidos,Importada
568,6996.666,28,Estados Unidos,Importada
569,15260.405,29,Estados Unidos,Importada
570,43156.725,30,Estados Unidos,Importada
571,45383.453,31,Estados Unidos,Importada
572,61638.729,32,Estados Unidos,Importada
573,58120.451,33,Estados Unidos,Importada
574,17034.436,34,Estados Unidos,Importada
575,5872.355,35,Estados Unidos,Importada
576,11311.698,36,Estados Unidos,Importada
577,5865.922,37,Estados Unidos,Importada
578,4277.622,38,Estados Unidos,Importada
579,2614.539,39,Estados Unidos,Importada
580,18876.219,40,Estados Unidos,Importada
581,10513.068,41,Estados Unidos,Importada
582,18268.414,42,Estados Unidos,Importada
583,90307.748,43,Estados Unidos,Importada
584,64626.833,44,Estados Unidos,Importada
585,62611.57,45,Estados Unidos,Importada
586,27240.471,46,Estados Unidos,Importada
587,25224.579,47,Estados Unidos,Importada
588,20208.104,48,Estados Unidos,Importada
589,7588.128,49,Estados Unidos,Importada
590,7171.057,50,Estados Unidos,Importada
591,14033.122,51,Estados Unidos,Importada
592,59655.071,52,Estados Unidos,Importada
593,63487.512,53,Estados Unidos,Importada
594,32480.216,54,Estados Unidos,Importada
595,39310.491,55,Estados Unidos,Importada
596,31928.404,56,Estados Unidos,Importada
597,32847.271,57,Estados Unidos,Importada
598,20789.702,58,Estados Unidos,Importada
599,17972.269,59,Estados Unidos,Importada
600,18337.26,60,Estados Unidos,Importada
601,12192.793,61,Estados Unidos,Importada
602,13025.412,62,Estados Unidos,Importada
603,16736.278,63,Estados Unidos,Importada
604,8602.269,64,Estados Unidos,Importada
605,40341.473,65,Estados Unidos,Importada
606,91344.663,66,Estados Unidos,Importada
607,62619.272,67,Estados Unidos,Importada
608,42072.422,68,Estados Unidos,Importada
609,39718.033,69,Estados Unidos,Importada
610,35256.779,70,Estados Unidos,Importada
611,20108.618,71,Estados Unidos,Importada
612,15034.28,72,Estados Unidos,Importada
613,5465.311,73,Estados Unidos,Importada
614,29666.491,74,Estados Unidos,Importada
615,44166.066,75,Estados Unidos,Importada
616,44743.219,76,Estados Unidos,Importada
617,46973.049,77,Estados Unidos,Importada
618,87319.883,78,Estados Unidos,Importada
619,80084.95,79,Estados Unidos,Importada
620,58717.46,80,Estados Unidos,Importada
621,103047.621,81,Estados Unidos,Importada
622,53701.285,82,Estados Unidos,Importada
623,19295.274,83,Estados Unidos,Importada
624,19923.154,84,Estados Unidos,Importada
625,86979.87,85,Estados Unidos,Importada
626,73291.39,86,Estados Unidos,Importada
627,156699.41,87,Estados Unidos,Importada
628,211149.58,88,Estados Unidos,Importada
629,199551.57,89,Estados Unidos,Importada
630,254239.94,90,Estados Unidos,Importada
631,271426.98,91,Estados Unidos,Importada
632,223089.73,92,Estados Unidos,Importada
633,217359.202,93,Estados Unidos,Importada
634,246861.34,94,Estados Unidos,Importada
635,104322.875,95,Estados Unidos,Importada
636,104322.875,96,Estados Unidos,Importada
637,95735.497,97,Estados Unidos,Importada
638,101899.971,98,Estados Unidos,Importada
639,119979.326,99,Estados Unidos,Importada
640,128507.461,100,Estados Unidos,Importada
641,154382.994,101,Estados Unidos,Importada
642,149255.502,102,Estados Unidos,Importada
643,106127.783,103,Estados Unidos,Importada
644,124695.277,104,Estados Unidos,Importada
645,64140.614,105,Estados Unidos,Importada
646,44924.891,106,Estados Unidos,Importada
647,46803.024,107,Estados Unidos,Importada
648,44389.114,108,Estados Unidos,Importada
649,55979.425,109,Estados Unidos,Importada
650,70469.724,110,Estados Unidos,Importada
651,116095.171,111,Estados Unidos,Importada
652,148850.778,112,Estados Unidos,Importada
653,132456.689,113,Estados Unidos,Importada
654,249483.194,114,Estados Unidos,Importada
655,314092.576,115,Estados Unidos,Importada
656,322481.658,116,Estados Unidos,Importada
657,353931.764,117,Estados Unidos,Importada
658,225675.479,118,Estados Unidos,Importada
659,59286.738,119,Estados Unidos,Importada
660,70207.728,120,Estados Unidos,Importada
661,76477.966,121,Estados Unidos,Importada
662,79099.428,122,Estados Unidos,Importada
663,76283.323,123,Estados Unidos,Importada
664,137831.177,124,Estados Unidos,Importada
665,134722.244,125,Estados Unidos,Importada
666,260051.749,126,Estados Unidos,Importada
667,192628.102,127,Estados Unidos,Importada
668,244352.1588,128,Estados Unidos,Importada
669,183242.066,129,Estados Unidos,Importada
670,125071.9055,130,Estados Unidos,Importada
671,63414.601,131,Estados Unidos,Importada
672,56455.037,132,Estados Unidos,Importada
673,45922.4155,133,Estados Unidos,Importada
674,56482.67525,134,Estados Unidos,Importada
675,70090.44525,135,Estados Unidos,Importada
676,85833.0185,136,Estados Unidos,Importada
677,219002.9605,137,Estados Unidos,Importada
678,397224.3818,138,Estados Unidos,Importada
679,413882.142,139,Estados Unidos,Importada
680,396659.758,140,Estados Unidos,Importada
681,321843.798,141,Estados Unidos,Importada
682,177418.16,142,Estados Unidos,Importada
683,NULL,143,Estados Unidos,Importada
684,NULL,144,Estados Unidos,Importada
685,NULL,145,Estados Unidos,Importada
686,NULL,146,Estados Unidos,Importada
687,NULL,147,Estados Unidos,Importada
688,NULL,148,Estados Unidos,Importada
689,NULL,149,Estados Unidos,Importada
690,NULL,150,Estados Unidos,Importada
691,NULL,151,Estados Unidos,Importada
692,NULL,152,Estados Unidos,Importada
693,NULL,153,Estados Unidos,Importada
694,NULL,154,Estados Unidos,Importada
695,NULL,155,Estados Unidos,Importada
696,NULL,156,Estados Unidos,Importada
697,NULL,157,Estados Unidos,Importada
698,NULL,158,Estados Unidos,Importada
699,NULL,159,Estados Unidos,Importada
700,NULL,160,Estados Unidos,Importada
701,NULL,161,Estados Unidos,Importada
702,NULL,162,Estados Unidos,Importada
703,NULL,163,Estados Unidos,Importada
704,NULL,164,Estados Unidos,Importada
705,NULL,165,Estados Unidos,Importada
706,NULL,166,Estados Unidos,Importada
707,NULL,167,Estados Unidos,Importada
708,NULL,168,Estados Unidos,Importada
709,NULL,169,Estados Unidos,Importada
710,NULL,170,Estados Unidos,Importada
711,NULL,171,Estados Unidos,Importada
712,NULL,172,Estados Unidos,Importada
713,NULL,173,Estados Unidos,Importada
714,NULL,174,Estados Unidos,Importada
715,NULL,175,Estados Unidos,Importada
716,NULL,176,Estados Unidos,Importada
717,NULL,177,Estados Unidos,Importada
718,NULL,178,Estados Unidos,Importada
719,NULL,179,Estados Unidos,Importada
720,NULL,180,Estados Unidos,Importada
721,NULL,1,Guatemala,Importada
722,NULL,2,Guatemala,Importada
723,NULL,3,Guatemala,Importada
724,NULL,4,Guatemala,Importada
725,NULL,5,Guatemala,Importada
726,NULL,6,Guatemala,Importada
727,NULL,7,Guatemala,Importada
728,NULL,8,Guatemala,Importada
729,NULL,9,Guatemala,Importada
730,NULL,10,Guatemala,Importada
731,NULL,11,Guatemala,Importada
732,NULL,12,Guatemala,Importada
733,NULL,13,Guatemala,Importada
734,NULL,14,Guatemala,Importada
735,NULL,15,Guatemala,Importada
736,NULL,16,Guatemala,Importada
737,NULL,17,Guatemala,Importada
738,NULL,18,Guatemala,Importada
739,NULL,19,Guatemala,Importada
740,NULL,20,Guatemala,Importada
741,NULL,21,Guatemala,Importada
742,NULL,22,Guatemala,Importada
743,NULL,23,Guatemala,Importada
744,NULL,24,Guatemala,Importada
745,NULL,25,Guatemala,Importada
746,NULL,26,Guatemala,Importada
747,NULL,27,Guatemala,Importada
748,NULL,28,Guatemala,Importada
749,NULL,29,Guatemala,Importada
750,NULL,30,Guatemala,Importada
751,NULL,31,Guatemala,Importada
752,NULL,32,Guatemala,Importada
753,NULL,33,Guatemala,Importada
754,NULL,34,Guatemala,Importada
755,NULL,35,Guatemala,Importada
756,NULL,36,Guatemala,Importada
757,NULL,37,Guatemala,Importada
758,NULL,38,Guatemala,Importada
759,NULL,39,Guatemala,Importada
760,NULL,40,Guatemala,Importada
761,NULL,41,Guatemala,Importada
762,NULL,42,Guatemala,Importada
763,NULL,43,Guatemala,Importada
764,NULL,44,Guatemala,Importada
765,NULL,45,Guatemala,Importada
766,NULL,46,Guatemala,Importada
767,NULL,47,Guatemala,Importada
768,NULL,48,Guatemala,Importada
769,NULL,49,Guatemala,Importada
770,NULL,50,Guatemala,Importada
771,NULL,51,Guatemala,Importada
772,NULL,52,Guatemala,Importada
773,NULL,53,Guatemala,Importada
774,NULL,54,Guatemala,Importada
775,NULL,55,Guatemala,Importada
776,NULL,56,Guatemala,Importada
777,NULL,57,Guatemala,Importada
778,NULL,58,Guatemala,Importada
779,NULL,59,Guatemala,Importada
780,NULL,60,Guatemala,Importada
781,NULL,61,Guatemala,Importada
782,NULL,62,Guatemala,Importada
783,NULL,63,Guatemala,Importada
784,NULL,64,Guatemala,Importada
785,NULL,65,Guatemala,Importada
786,NULL,66,Guatemala,Importada
787,NULL,67,Guatemala,Importada
788,NULL,68,Guatemala,Importada
789,NULL,69,Guatemala,Importada
790,NULL,70,Guatemala,Importada
791,NULL,71,Guatemala,Importada
792,NULL,72,Guatemala,Importada
793,58.443,73,Guatemala,Importada
794,157.346,74,Guatemala,Importada
795,19.536,75,Guatemala,Importada
796,98.297,76,Guatemala,Importada
797,171.977,77,Guatemala,Importada
798,1025.606,78,Guatemala,Importada
799,110.117,79,Guatemala,Importada
800,127.974,80,Guatemala,Importada
801,207.423,81,Guatemala,Importada
802,190.66,82,Guatemala,Importada
803,269.597,83,Guatemala,Importada
804,460.257,84,Guatemala,Importada
805,92.5,85,Guatemala,Importada
806,32.16,86,Guatemala,Importada
807,106.7,87,Guatemala,Importada
808,117.31,88,Guatemala,Importada
809,2400.8,89,Guatemala,Importada
810,2636.45,90,Guatemala,Importada
811,2846.38,91,Guatemala,Importada
812,3127.65,92,Guatemala,Importada
813,3062.91,93,Guatemala,Importada
814,3401.278,94,Guatemala,Importada
815,4760.363,95,Guatemala,Importada
816,4760.363,96,Guatemala,Importada
817,3796.976,97,Guatemala,Importada
818,2927.288,98,Guatemala,Importada
819,3471.138,99,Guatemala,Importada
820,3749.514,100,Guatemala,Importada
821,3666.319,101,Guatemala,Importada
822,3408.59,102,Guatemala,Importada
823,2338.112,103,Guatemala,Importada
824,1896.834,104,Guatemala,Importada
825,1549.788,105,Guatemala,Importada
826,502.566,106,Guatemala,Importada
827,1386.134,107,Guatemala,Importada
828,246.291,108,Guatemala,Importada
829,130.976,109,Guatemala,Importada
830,29.647,110,Guatemala,Importada
831,47.09,111,Guatemala,Importada
832,102.185,112,Guatemala,Importada
833,69.484,113,Guatemala,Importada
834,61.832,114,Guatemala,Importada
835,31.437,115,Guatemala,Importada
836,92.951,116,Guatemala,Importada
837,461.212,117,Guatemala,Importada
838,638.044,118,Guatemala,Importada
839,1037.347,119,Guatemala,Importada
840,2290.505,120,Guatemala,Importada
841,206.071,121,Guatemala,Importada
842,61.851,122,Guatemala,Importada
843,106.256,123,Guatemala,Importada
844,85.618,124,Guatemala,Importada
845,924.612,125,Guatemala,Importada
846,612.293,126,Guatemala,Importada
847,75.215,127,Guatemala,Importada
848,2208.712,128,Guatemala,Importada
849,3893.16,129,Guatemala,Importada
850,4171.092,130,Guatemala,Importada
851,4084.345,131,Guatemala,Importada
852,3936.279,132,Guatemala,Importada
853,3004.944,133,Guatemala,Importada
854,1686.056,134,Guatemala,Importada
855,7253.412,135,Guatemala,Importada
856,7695.354,136,Guatemala,Importada
857,11993.96,137,Guatemala,Importada
858,9111.513,138,Guatemala,Importada
859,7401.071,139,Guatemala,Importada
860,75.458,140,Guatemala,Importada
861,23.225,141,Guatemala,Importada
862,135.082,142,Guatemala,Importada
863,NULL,143,Guatemala,Importada
864,NULL,144,Guatemala,Importada
865,NULL,145,Guatemala,Importada
866,NULL,146,Guatemala,Importada
867,NULL,147,Guatemala,Importada
868,NULL,148,Guatemala,Importada
869,NULL,149,Guatemala,Importada
870,NULL,150,Guatemala,Importada
871,NULL,151,Guatemala,Importada
872,NULL,152,Guatemala,Importada
873,NULL,153,Guatemala,Importada
874,NULL,154,Guatemala,Importada
875,NULL,155,Guatemala,Importada
876,NULL,156,Guatemala,Importada
877,NULL,157,Guatemala,Importada
878,NULL,158,Guatemala,Importada
879,NULL,159,Guatemala,Importada
880,NULL,160,Guatemala,Importada
881,NULL,161,Guatemala,Importada
882,NULL,162,Guatemala,Importada
883,NULL,163,Guatemala,Importada
884,NULL,164,Guatemala,Importada
885,NULL,165,Guatemala,Importada
886,NULL,166,Guatemala,Importada
887,NULL,167,Guatemala,Importada
888,NULL,168,Guatemala,Importada
889,NULL,169,Guatemala,Importada
890,NULL,170,Guatemala,Importada
891,NULL,171,Guatemala,Importada
892,NULL,172,Guatemala,Importada
893,NULL,173,Guatemala,Importada
894,NULL,174,Guatemala,Importada
895,NULL,175,Guatemala,Importada
896,NULL,176,Guatemala,Importada
897,NULL,177,Guatemala,Importada
898,NULL,178,Guatemala,Importada
899,NULL,179,Guatemala,Importada
900,NULL,180,Guatemala,Importada
