PGN_ID,Month_YearID,MillionFtD,Region
1,1,939.564454,Gas Asociado Región Marina Noreste
2,2,928.42329,Gas Asociado Región Marina Noreste
3,3,886.414639,Gas Asociado Región Marina Noreste
4,4,967.78499,Gas Asociado Región Marina Noreste
5,5,971.355122,Gas Asociado Región Marina Noreste
6,6,955.141956,Gas Asociado Región Marina Noreste
7,7,843.470328,Gas Asociado Región Marina Noreste
8,8,957.58852,Gas Asociado Región Marina Noreste
9,9,941.205243,Gas Asociado Región Marina Noreste
10,10,882.794589,Gas Asociado Región Marina Noreste
11,11,918.962604,Gas Asociado Región Marina Noreste
12,12,942.310092,Gas Asociado Región Marina Noreste
13,13,942.93208,Gas Asociado Región Marina Noreste
14,14,919.839302,Gas Asociado Región Marina Noreste
15,15,928.499461,Gas Asociado Región Marina Noreste
16,16,972.820087,Gas Asociado Región Marina Noreste
17,17,979.121974,Gas Asociado Región Marina Noreste
18,18,920.089892,Gas Asociado Región Marina Noreste
19,19,897.532877,Gas Asociado Región Marina Noreste
20,20,930.848366,Gas Asociado Región Marina Noreste
21,21,941.34998,Gas Asociado Región Marina Noreste
22,22,908.455146,Gas Asociado Región Marina Noreste
23,23,875.979906,Gas Asociado Región Marina Noreste
24,24,826.022305,Gas Asociado Región Marina Noreste
25,25,947.474352,Gas Asociado Región Marina Noreste
26,26,1003.575245,Gas Asociado Región Marina Noreste
27,27,1025.825692,Gas Asociado Región Marina Noreste
28,28,1101.483537,Gas Asociado Región Marina Noreste
29,29,1142.832184,Gas Asociado Región Marina Noreste
30,30,1142.986383,Gas Asociado Región Marina Noreste
31,31,1158.664392,Gas Asociado Región Marina Noreste
32,32,1013.176856,Gas Asociado Región Marina Noreste
33,33,1273.9733,Gas Asociado Región Marina Noreste
34,34,1264.610693,Gas Asociado Región Marina Noreste
35,35,1259.609917,Gas Asociado Región Marina Noreste
36,36,1541.670831,Gas Asociado Región Marina Noreste
37,37,1649.009547,Gas Asociado Región Marina Noreste
38,38,1594.372066,Gas Asociado Región Marina Noreste
39,39,1693.096761,Gas Asociado Región Marina Noreste
40,40,1773.983291,Gas Asociado Región Marina Noreste
41,41,1848.873244,Gas Asociado Región Marina Noreste
42,42,1938.04359,Gas Asociado Región Marina Noreste
43,43,1863.762655,Gas Asociado Región Marina Noreste
44,44,1913.426495,Gas Asociado Región Marina Noreste
45,45,1962.273472,Gas Asociado Región Marina Noreste
46,46,2147.926251,Gas Asociado Región Marina Noreste
47,47,2161.69977,Gas Asociado Región Marina Noreste
48,48,2257.235963,Gas Asociado Región Marina Noreste
49,49,1987.241707,Gas Asociado Región Marina Noreste
50,50,1896.712492,Gas Asociado Región Marina Noreste
51,51,1814.536428,Gas Asociado Región Marina Noreste
52,52,1774.257635,Gas Asociado Región Marina Noreste
53,53,1787.078258,Gas Asociado Región Marina Noreste
54,54,1881.727178,Gas Asociado Región Marina Noreste
55,55,1819.502916,Gas Asociado Región Marina Noreste
56,56,1850.359238,Gas Asociado Región Marina Noreste
57,57,1735.479206,Gas Asociado Región Marina Noreste
58,58,1775.005448,Gas Asociado Región Marina Noreste
59,59,1599.328338,Gas Asociado Región Marina Noreste
60,60,1474.883327,Gas Asociado Región Marina Noreste
61,61,1519.709212,Gas Asociado Región Marina Noreste
62,62,1492.093011,Gas Asociado Región Marina Noreste
63,63,1452.596662,Gas Asociado Región Marina Noreste
64,64,1447.684568,Gas Asociado Región Marina Noreste
65,65,1457.957517,Gas Asociado Región Marina Noreste
66,66,1469.904932,Gas Asociado Región Marina Noreste
67,67,1624.042482,Gas Asociado Región Marina Noreste
68,68,1821.439644,Gas Asociado Región Marina Noreste
69,69,1733.104066,Gas Asociado Región Marina Noreste
70,70,1712.205578,Gas Asociado Región Marina Noreste
71,71,1665.441264,Gas Asociado Región Marina Noreste
72,72,1598.303036,Gas Asociado Región Marina Noreste
73,73,1514.533998,Gas Asociado Región Marina Noreste
74,74,1511.259289,Gas Asociado Región Marina Noreste
75,75,1496.342033,Gas Asociado Región Marina Noreste
76,76,1566.437601,Gas Asociado Región Marina Noreste
77,77,1507.955354,Gas Asociado Región Marina Noreste
78,78,1433.874837,Gas Asociado Región Marina Noreste
79,79,1410.981289,Gas Asociado Región Marina Noreste
80,80,1393.730228,Gas Asociado Región Marina Noreste
81,81,1264.529667,Gas Asociado Región Marina Noreste
82,82,1267.926774,Gas Asociado Región Marina Noreste
83,83,1257.200267,Gas Asociado Región Marina Noreste
84,84,1249.086936,Gas Asociado Región Marina Noreste
85,85,1248.757388,Gas Asociado Región Marina Noreste
86,86,1316.473931,Gas Asociado Región Marina Noreste
87,87,1322.531064,Gas Asociado Región Marina Noreste
88,88,1318.2702,Gas Asociado Región Marina Noreste
89,89,1338.633516,Gas Asociado Región Marina Noreste
90,90,1360.146,Gas Asociado Región Marina Noreste
91,91,1358.960356,Gas Asociado Región Marina Noreste
92,92,1353.123387,Gas Asociado Región Marina Noreste
93,93,1350.414766,Gas Asociado Región Marina Noreste
94,94,1333.198968,Gas Asociado Región Marina Noreste
95,95,1343.1132,Gas Asociado Región Marina Noreste
96,96,1362.680355,Gas Asociado Región Marina Noreste
97,97,1346.581806,Gas Asociado Región Marina Noreste
98,98,1357.679894,Gas Asociado Región Marina Noreste
99,99,1365.145678,Gas Asociado Región Marina Noreste
100,100,1381.225767,Gas Asociado Región Marina Noreste
101,101,1378.323421,Gas Asociado Región Marina Noreste
102,102,1399.895167,Gas Asociado Región Marina Noreste
103,103,1412.865839,Gas Asociado Región Marina Noreste
104,104,1422.069097,Gas Asociado Región Marina Noreste
105,105,1439.11167,Gas Asociado Región Marina Noreste
106,106,1462.431419,Gas Asociado Región Marina Noreste
107,107,1480.827,Gas Asociado Región Marina Noreste
108,108,1496.410414,Gas Asociado Región Marina Noreste
109,109,1560.352323,Gas Asociado Región Marina Noreste
110,110,1604.521821,Gas Asociado Región Marina Noreste
111,111,1639.52371,Gas Asociado Región Marina Noreste
112,112,1655.153467,Gas Asociado Región Marina Noreste
113,113,1657.89471,Gas Asociado Región Marina Noreste
114,114,1708.0998,Gas Asociado Región Marina Noreste
115,115,1696.053323,Gas Asociado Región Marina Noreste
116,116,1725.520419,Gas Asociado Región Marina Noreste
117,117,1694.661567,Gas Asociado Región Marina Noreste
118,118,1721.180614,Gas Asociado Región Marina Noreste
119,119,1751.084066,Gas Asociado Región Marina Noreste
120,120,1881.725097,Gas Asociado Región Marina Noreste
121,121,1803.734968,Gas Asociado Región Marina Noreste
122,122,1889.819071,Gas Asociado Región Marina Noreste
123,123,1806.00442,Gas Asociado Región Marina Noreste
124,124,1831.176193,Gas Asociado Región Marina Noreste
125,125,1796.311774,Gas Asociado Región Marina Noreste
126,126,1879.881867,Gas Asociado Región Marina Noreste
127,127,1864.726001,Gas Asociado Región Marina Noreste
128,128,1850.198999,Gas Asociado Región Marina Noreste
129,129,1898.769534,Gas Asociado Región Marina Noreste
130,130,1835.448065,Gas Asociado Región Marina Noreste
131,131,1800.834266,Gas Asociado Región Marina Noreste
132,132,1754.156967,Gas Asociado Región Marina Noreste
133,133,1707.088516,Gas Asociado Región Marina Noreste
134,134,1711.524172,Gas Asociado Región Marina Noreste
135,135,1694.085906,Gas Asociado Región Marina Noreste
136,136,1682.562634,Gas Asociado Región Marina Noreste
137,137,1736.652637,Gas Asociado Región Marina Noreste
138,138,1840.57277,Gas Asociado Región Marina Noreste
139,139,1832.327266,Gas Asociado Región Marina Noreste
140,140,1810.89578,Gas Asociado Región Marina Noreste
141,141,1811.717465,Gas Asociado Región Marina Noreste
142,142,1832.157446,Gas Asociado Región Marina Noreste
143,143,1836.139173,Gas Asociado Región Marina Noreste
144,144,1792.414839,Gas Asociado Región Marina Noreste
145,145,1794.318813,Gas Asociado Región Marina Noreste
146,146,1811.667411,Gas Asociado Región Marina Noreste
147,147,1887.633633,Gas Asociado Región Marina Noreste
148,148,1831.662298,Gas Asociado Región Marina Noreste
149,149,1839.463336,Gas Asociado Región Marina Noreste
150,150,1811.873608,Gas Asociado Región Marina Noreste
151,151,1820.788,Gas Asociado Región Marina Noreste
152,152,1704.748423,Gas Asociado Región Marina Noreste
153,153,1001.203078,Gas Asociado Región Marina Noreste
154,154,1498.924966,Gas Asociado Región Marina Noreste
155,155,1607.998569,Gas Asociado Región Marina Noreste
156,156,1614.829808,Gas Asociado Región Marina Noreste
157,157,1696.784255,Gas Asociado Región Marina Noreste
158,158,1728.71425,Gas Asociado Región Marina Noreste
159,159,1548.517887,Gas Asociado Región Marina Noreste
160,160,1800.15499,Gas Asociado Región Marina Noreste
161,161,1794.259087,Gas Asociado Región Marina Noreste
162,162,1833.658854,Gas Asociado Región Marina Noreste
163,163,1895.403839,Gas Asociado Región Marina Noreste
164,164,1964.214,Gas Asociado Región Marina Noreste
165,165,1993.848244,Gas Asociado Región Marina Noreste
166,166,1980.185945,Gas Asociado Región Marina Noreste
167,167,1900.035793,Gas Asociado Región Marina Noreste
168,168,1999.296326,Gas Asociado Región Marina Noreste
169,169,1765.113945,Gas Asociado Región Marina Noreste
170,170,2001.598721,Gas Asociado Región Marina Noreste
171,171,2024.12101,Gas Asociado Región Marina Noreste
172,172,2016.536687,Gas Asociado Región Marina Noreste
173,173,2029.446716,Gas Asociado Región Marina Noreste
174,174,2004.206653,Gas Asociado Región Marina Noreste
175,175,2042.723546,Gas Asociado Región Marina Noreste
176,176,2072.604239,Gas Asociado Región Marina Noreste
177,177,2101.519077,Gas Asociado Región Marina Noreste
178,178,2070.340613,Gas Asociado Región Marina Noreste
179,179,2106.7409,Gas Asociado Región Marina Noreste
180,180,2144.271297,Gas Asociado Región Marina Noreste
181,1,597.40049,Gas Asociado Región Marina Suroeste
182,2,592.919044,Gas Asociado Región Marina Suroeste
183,3,610.985486,Gas Asociado Región Marina Suroeste
184,4,642.780201,Gas Asociado Región Marina Suroeste
185,5,650.461248,Gas Asociado Región Marina Suroeste
186,6,669.773323,Gas Asociado Región Marina Suroeste
187,7,594.874249,Gas Asociado Región Marina Suroeste
188,8,685.56779,Gas Asociado Región Marina Suroeste
189,9,689.606159,Gas Asociado Región Marina Suroeste
190,10,698.397154,Gas Asociado Región Marina Suroeste
191,11,699.414102,Gas Asociado Región Marina Suroeste
192,12,721.550249,Gas Asociado Región Marina Suroeste
193,13,736.549414,Gas Asociado Región Marina Suroeste
194,14,748.512088,Gas Asociado Región Marina Suroeste
195,15,765.237913,Gas Asociado Región Marina Suroeste
196,16,772.103111,Gas Asociado Región Marina Suroeste
197,17,808.230676,Gas Asociado Región Marina Suroeste
198,18,851.167831,Gas Asociado Región Marina Suroeste
199,19,886.943885,Gas Asociado Región Marina Suroeste
200,20,901.544565,Gas Asociado Región Marina Suroeste
201,21,935.43758,Gas Asociado Región Marina Suroeste
202,22,940.446408,Gas Asociado Región Marina Suroeste
203,23,953.605212,Gas Asociado Región Marina Suroeste
204,24,966.412943,Gas Asociado Región Marina Suroeste
205,25,982.717157,Gas Asociado Región Marina Suroeste
206,26,989.192411,Gas Asociado Región Marina Suroeste
207,27,982.889014,Gas Asociado Región Marina Suroeste
208,28,953.862433,Gas Asociado Región Marina Suroeste
209,29,845.439317,Gas Asociado Región Marina Suroeste
210,30,1023.005872,Gas Asociado Región Marina Suroeste
211,31,1057.60728,Gas Asociado Región Marina Suroeste
212,32,919.195828,Gas Asociado Región Marina Suroeste
213,33,1055.244187,Gas Asociado Región Marina Suroeste
214,34,1095.042038,Gas Asociado Región Marina Suroeste
215,35,997.517062,Gas Asociado Región Marina Suroeste
216,36,1010.225815,Gas Asociado Región Marina Suroeste
217,37,972.782456,Gas Asociado Región Marina Suroeste
218,38,983.074963,Gas Asociado Región Marina Suroeste
219,39,1017.733224,Gas Asociado Región Marina Suroeste
220,40,943.989569,Gas Asociado Región Marina Suroeste
221,41,1002.541241,Gas Asociado Región Marina Suroeste
222,42,1102.092617,Gas Asociado Región Marina Suroeste
223,43,1055.94397,Gas Asociado Región Marina Suroeste
224,44,1043.410224,Gas Asociado Región Marina Suroeste
225,45,1037.886051,Gas Asociado Región Marina Suroeste
226,46,1036.731388,Gas Asociado Región Marina Suroeste
227,47,1033.787547,Gas Asociado Región Marina Suroeste
228,48,1042.795259,Gas Asociado Región Marina Suroeste
229,49,1045.513954,Gas Asociado Región Marina Suroeste
230,50,1087.459617,Gas Asociado Región Marina Suroeste
231,51,1070.248315,Gas Asociado Región Marina Suroeste
232,52,1135.220179,Gas Asociado Región Marina Suroeste
233,53,1139.444049,Gas Asociado Región Marina Suroeste
234,54,1149.465481,Gas Asociado Región Marina Suroeste
235,55,1116.621195,Gas Asociado Región Marina Suroeste
236,56,1070.281327,Gas Asociado Región Marina Suroeste
237,57,1097.248374,Gas Asociado Región Marina Suroeste
238,58,1139.851866,Gas Asociado Región Marina Suroeste
239,59,1142.536325,Gas Asociado Región Marina Suroeste
240,60,1144.582463,Gas Asociado Región Marina Suroeste
241,61,1147.667889,Gas Asociado Región Marina Suroeste
242,62,1126.266923,Gas Asociado Región Marina Suroeste
243,63,1106.805954,Gas Asociado Región Marina Suroeste
244,64,1114.368428,Gas Asociado Región Marina Suroeste
245,65,1150.867101,Gas Asociado Región Marina Suroeste
246,66,1159.194291,Gas Asociado Región Marina Suroeste
247,67,1192.469085,Gas Asociado Región Marina Suroeste
248,68,1154.589083,Gas Asociado Región Marina Suroeste
249,69,1211.504969,Gas Asociado Región Marina Suroeste
250,70,1218.27859,Gas Asociado Región Marina Suroeste
251,71,1230.365679,Gas Asociado Región Marina Suroeste
252,72,1244.69633,Gas Asociado Región Marina Suroeste
253,73,1261.057228,Gas Asociado Región Marina Suroeste
254,74,1236.252485,Gas Asociado Región Marina Suroeste
255,75,1203.498585,Gas Asociado Región Marina Suroeste
256,76,1216.941916,Gas Asociado Región Marina Suroeste
257,77,1234.298171,Gas Asociado Región Marina Suroeste
258,78,1208.516389,Gas Asociado Región Marina Suroeste
259,79,1205.371709,Gas Asociado Región Marina Suroeste
260,80,1196.220652,Gas Asociado Región Marina Suroeste
261,81,1195.853774,Gas Asociado Región Marina Suroeste
262,82,1180.548401,Gas Asociado Región Marina Suroeste
263,83,1179.979428,Gas Asociado Región Marina Suroeste
264,84,1182.700282,Gas Asociado Región Marina Suroeste
265,85,1182.952702,Gas Asociado Región Marina Suroeste
266,86,1235.381098,Gas Asociado Región Marina Suroeste
267,87,1212.283193,Gas Asociado Región Marina Suroeste
268,88,1231.424909,Gas Asociado Región Marina Suroeste
269,89,1207.356072,Gas Asociado Región Marina Suroeste
270,90,1229.995277,Gas Asociado Región Marina Suroeste
271,91,1237.17054,Gas Asociado Región Marina Suroeste
272,92,1270.858318,Gas Asociado Región Marina Suroeste
273,93,1280.68121,Gas Asociado Región Marina Suroeste
274,94,1343.959847,Gas Asociado Región Marina Suroeste
275,95,1349.221876,Gas Asociado Región Marina Suroeste
276,96,1329.418644,Gas Asociado Región Marina Suroeste
277,97,1331.121936,Gas Asociado Región Marina Suroeste
278,98,1295.226128,Gas Asociado Región Marina Suroeste
279,99,1297.76955,Gas Asociado Región Marina Suroeste
280,100,1295.806005,Gas Asociado Región Marina Suroeste
281,101,1283.199076,Gas Asociado Región Marina Suroeste
282,102,1289.594825,Gas Asociado Región Marina Suroeste
283,103,1300.049122,Gas Asociado Región Marina Suroeste
284,104,1306.316588,Gas Asociado Región Marina Suroeste
285,105,1331.889999,Gas Asociado Región Marina Suroeste
286,106,1382.649904,Gas Asociado Región Marina Suroeste
287,107,1394.62349,Gas Asociado Región Marina Suroeste
288,108,1412.463649,Gas Asociado Región Marina Suroeste
289,109,1417.804679,Gas Asociado Región Marina Suroeste
290,110,1445.344875,Gas Asociado Región Marina Suroeste
291,111,1413.503324,Gas Asociado Región Marina Suroeste
292,112,1404.583489,Gas Asociado Región Marina Suroeste
293,113,1371.288898,Gas Asociado Región Marina Suroeste
294,114,1357.872782,Gas Asociado Región Marina Suroeste
295,115,1363.852885,Gas Asociado Región Marina Suroeste
296,116,1409.152255,Gas Asociado Región Marina Suroeste
297,117,1341.712722,Gas Asociado Región Marina Suroeste
298,118,1384.298079,Gas Asociado Región Marina Suroeste
299,119,1399.604917,Gas Asociado Región Marina Suroeste
300,120,1444.852764,Gas Asociado Región Marina Suroeste
301,121,1486.043782,Gas Asociado Región Marina Suroeste
302,122,1507.937983,Gas Asociado Región Marina Suroeste
303,123,1505.846624,Gas Asociado Región Marina Suroeste
304,124,1216.054019,Gas Asociado Región Marina Suroeste
305,125,1305.086922,Gas Asociado Región Marina Suroeste
306,126,1368.966843,Gas Asociado Región Marina Suroeste
307,127,1422.577201,Gas Asociado Región Marina Suroeste
308,128,1505.761054,Gas Asociado Región Marina Suroeste
309,129,1539.853448,Gas Asociado Región Marina Suroeste
310,130,1542.990418,Gas Asociado Región Marina Suroeste
311,131,1504.257011,Gas Asociado Región Marina Suroeste
312,132,1487.736832,Gas Asociado Región Marina Suroeste
313,133,1485.606937,Gas Asociado Región Marina Suroeste
314,134,1460.133578,Gas Asociado Región Marina Suroeste
315,135,1448.762356,Gas Asociado Región Marina Suroeste
316,136,1415.944601,Gas Asociado Región Marina Suroeste
317,137,1350.705122,Gas Asociado Región Marina Suroeste
318,138,1326.884506,Gas Asociado Región Marina Suroeste
319,139,1311.489715,Gas Asociado Región Marina Suroeste
320,140,1279.800082,Gas Asociado Región Marina Suroeste
321,141,1272.798324,Gas Asociado Región Marina Suroeste
322,142,1261.11493,Gas Asociado Región Marina Suroeste
323,143,1255.282739,Gas Asociado Región Marina Suroeste
324,144,1222.08558,Gas Asociado Región Marina Suroeste
325,145,1212.219161,Gas Asociado Región Marina Suroeste
326,146,1215.523669,Gas Asociado Región Marina Suroeste
327,147,1237.171676,Gas Asociado Región Marina Suroeste
328,148,1249.750792,Gas Asociado Región Marina Suroeste
329,149,1243.666561,Gas Asociado Región Marina Suroeste
330,150,1233.776072,Gas Asociado Región Marina Suroeste
331,151,1217.163,Gas Asociado Región Marina Suroeste
332,152,1173.286229,Gas Asociado Región Marina Suroeste
333,153,1178.233107,Gas Asociado Región Marina Suroeste
334,154,1172.567157,Gas Asociado Región Marina Suroeste
335,155,1128.206892,Gas Asociado Región Marina Suroeste
336,156,1161.422196,Gas Asociado Región Marina Suroeste
337,157,1170.257112,Gas Asociado Región Marina Suroeste
338,158,1130.82391,Gas Asociado Región Marina Suroeste
339,159,1113.541295,Gas Asociado Región Marina Suroeste
340,160,1093.094239,Gas Asociado Región Marina Suroeste
341,161,1086.234485,Gas Asociado Región Marina Suroeste
342,162,1078.342629,Gas Asociado Región Marina Suroeste
343,163,1068.942615,Gas Asociado Región Marina Suroeste
344,164,1070.390874,Gas Asociado Región Marina Suroeste
345,165,1073.224995,Gas Asociado Región Marina Suroeste
346,166,1060.999839,Gas Asociado Región Marina Suroeste
347,167,1043.263156,Gas Asociado Región Marina Suroeste
348,168,1045.897223,Gas Asociado Región Marina Suroeste
349,169,1037.140511,Gas Asociado Región Marina Suroeste
350,170,1021.153289,Gas Asociado Región Marina Suroeste
351,171,1015.001184,Gas Asociado Región Marina Suroeste
352,172,1018.38205,Gas Asociado Región Marina Suroeste
353,173,1031.415607,Gas Asociado Región Marina Suroeste
354,174,1045.77779,Gas Asociado Región Marina Suroeste
355,175,1027.396058,Gas Asociado Región Marina Suroeste
356,176,1012.610058,Gas Asociado Región Marina Suroeste
357,177,1022.686518,Gas Asociado Región Marina Suroeste
358,178,994.903857,Gas Asociado Región Marina Suroeste
359,179,982.535309,Gas Asociado Región Marina Suroeste
360,180,956.165785,Gas Asociado Región Marina Suroeste
361,1,1273.086172,Gas Asociado Región Sur
362,2,1254.641242,Gas Asociado Región Sur
363,3,1261.417909,Gas Asociado Región Sur
364,4,1268.911907,Gas Asociado Región Sur
365,5,1227.71287,Gas Asociado Región Sur
366,6,1279.657012,Gas Asociado Región Sur
367,7,1264.672316,Gas Asociado Región Sur
368,8,1255.512824,Gas Asociado Región Sur
369,9,1242.162713,Gas Asociado Región Sur
370,10,1237.758676,Gas Asociado Región Sur
371,11,1236.239916,Gas Asociado Región Sur
372,12,1228.828835,Gas Asociado Región Sur
373,13,1226.72103,Gas Asociado Región Sur
374,14,1223.146609,Gas Asociado Región Sur
375,15,1220.591571,Gas Asociado Región Sur
376,16,1213.978391,Gas Asociado Región Sur
377,17,1172.122782,Gas Asociado Región Sur
378,18,1155.711327,Gas Asociado Región Sur
379,19,1170.292145,Gas Asociado Región Sur
380,20,1169.84695,Gas Asociado Región Sur
381,21,1187.124608,Gas Asociado Región Sur
382,22,1182.9699,Gas Asociado Región Sur
383,23,1181.891314,Gas Asociado Región Sur
384,24,1171.163571,Gas Asociado Región Sur
385,25,1183.999509,Gas Asociado Región Sur
386,26,1163.778943,Gas Asociado Región Sur
387,27,1163.655207,Gas Asociado Región Sur
388,28,1171.977022,Gas Asociado Región Sur
389,29,1187.524279,Gas Asociado Región Sur
390,30,1218.647364,Gas Asociado Región Sur
391,31,1198.994466,Gas Asociado Región Sur
392,32,1178.00827,Gas Asociado Región Sur
393,33,1203.806576,Gas Asociado Región Sur
394,34,1187.389839,Gas Asociado Región Sur
395,35,1037.449797,Gas Asociado Región Sur
396,36,1071.641956,Gas Asociado Región Sur
397,37,1139.73987,Gas Asociado Región Sur
398,38,1194.031062,Gas Asociado Región Sur
399,39,1189.86837,Gas Asociado Región Sur
400,40,1201.325691,Gas Asociado Región Sur
401,41,1239.311492,Gas Asociado Región Sur
402,42,1232.146678,Gas Asociado Región Sur
403,43,1261.194795,Gas Asociado Región Sur
404,44,1286.013601,Gas Asociado Región Sur
405,45,1323.471648,Gas Asociado Región Sur
406,46,1320.890331,Gas Asociado Región Sur
407,47,1318.189249,Gas Asociado Región Sur
408,48,1343.063329,Gas Asociado Región Sur
409,49,1349.20401,Gas Asociado Región Sur
410,50,1343.849436,Gas Asociado Región Sur
411,51,1369.886923,Gas Asociado Región Sur
412,52,1365.043095,Gas Asociado Región Sur
413,53,1352.180579,Gas Asociado Región Sur
414,54,1372.839986,Gas Asociado Región Sur
415,55,1392.285325,Gas Asociado Región Sur
416,56,1476.458342,Gas Asociado Región Sur
417,57,1489.897216,Gas Asociado Región Sur
418,58,1512.648083,Gas Asociado Región Sur
419,59,1500.352407,Gas Asociado Región Sur
420,60,1512.016808,Gas Asociado Región Sur
421,61,1528.856755,Gas Asociado Región Sur
422,62,1534.408393,Gas Asociado Región Sur
423,63,1554.411936,Gas Asociado Región Sur
424,64,1588.612334,Gas Asociado Región Sur
425,65,1618.609343,Gas Asociado Región Sur
426,66,1650.603466,Gas Asociado Región Sur
427,67,1668.288467,Gas Asociado Región Sur
428,68,1678.210729,Gas Asociado Región Sur
429,69,1664.360925,Gas Asociado Región Sur
430,70,1655.008486,Gas Asociado Región Sur
431,71,1651.755333,Gas Asociado Región Sur
432,72,1633.350815,Gas Asociado Región Sur
433,73,1603.044449,Gas Asociado Región Sur
434,74,1606.881746,Gas Asociado Región Sur
435,75,1571.952809,Gas Asociado Región Sur
436,76,1573.751125,Gas Asociado Región Sur
437,77,1575.013979,Gas Asociado Región Sur
438,78,1566.611113,Gas Asociado Región Sur
439,79,1577.172451,Gas Asociado Región Sur
440,80,1556.465867,Gas Asociado Región Sur
441,81,1538.966718,Gas Asociado Región Sur
442,82,1549.234555,Gas Asociado Región Sur
443,83,1577.058295,Gas Asociado Región Sur
444,84,1581.404334,Gas Asociado Región Sur
445,85,1574.605044,Gas Asociado Región Sur
446,86,1554.320792,Gas Asociado Región Sur
447,87,1571.124011,Gas Asociado Región Sur
448,88,1591.327163,Gas Asociado Región Sur
449,89,1573.945775,Gas Asociado Región Sur
450,90,1572.089917,Gas Asociado Región Sur
451,91,1588.946573,Gas Asociado Región Sur
452,92,1582.356294,Gas Asociado Región Sur
453,93,1587.047827,Gas Asociado Región Sur
454,94,1560.638173,Gas Asociado Región Sur
455,95,1541.626059,Gas Asociado Región Sur
456,96,1528.824324,Gas Asociado Región Sur
457,97,1528.916056,Gas Asociado Región Sur
458,98,1519.011968,Gas Asociado Región Sur
459,99,1505.221821,Gas Asociado Región Sur
460,100,1456.920165,Gas Asociado Región Sur
461,101,1430.492364,Gas Asociado Región Sur
462,102,1442.799134,Gas Asociado Región Sur
463,103,1460.802984,Gas Asociado Región Sur
464,104,1487.270096,Gas Asociado Región Sur
465,105,1509.49132,Gas Asociado Región Sur
466,106,1522.551269,Gas Asociado Región Sur
467,107,1501.863467,Gas Asociado Región Sur
468,108,1526.363046,Gas Asociado Región Sur
469,109,1493.125995,Gas Asociado Región Sur
470,110,1487.074627,Gas Asociado Región Sur
471,111,1509.800967,Gas Asociado Región Sur
472,112,1491.969456,Gas Asociado Región Sur
473,113,1463.89889,Gas Asociado Región Sur
474,114,1432.316929,Gas Asociado Región Sur
475,115,1400.61066,Gas Asociado Región Sur
476,116,1394.045226,Gas Asociado Región Sur
477,117,1371.42701,Gas Asociado Región Sur
478,118,1316.874363,Gas Asociado Región Sur
479,119,1330.014981,Gas Asociado Región Sur
480,120,1325.438288,Gas Asociado Región Sur
481,121,1291.064535,Gas Asociado Región Sur
482,122,1282.731696,Gas Asociado Región Sur
483,123,1287.814299,Gas Asociado Región Sur
484,124,1294.992064,Gas Asociado Región Sur
485,125,1284.654861,Gas Asociado Región Sur
486,126,1301.131083,Gas Asociado Región Sur
487,127,1299.171733,Gas Asociado Región Sur
488,128,1297.720953,Gas Asociado Región Sur
489,129,1306.471617,Gas Asociado Región Sur
490,130,1297.435278,Gas Asociado Región Sur
491,131,1305.767446,Gas Asociado Región Sur
492,132,1297.877435,Gas Asociado Región Sur
493,133,1285.231476,Gas Asociado Región Sur
494,134,1274.112984,Gas Asociado Región Sur
495,135,1257.511973,Gas Asociado Región Sur
496,136,1218.658398,Gas Asociado Región Sur
497,137,1201.889341,Gas Asociado Región Sur
498,138,1196.349812,Gas Asociado Región Sur
499,139,1170.781455,Gas Asociado Región Sur
500,140,1161.513575,Gas Asociado Región Sur
501,141,1136.827847,Gas Asociado Región Sur
502,142,1120.842167,Gas Asociado Región Sur
503,143,1089.475986,Gas Asociado Región Sur
504,144,1056.045431,Gas Asociado Región Sur
505,145,1030.513902,Gas Asociado Región Sur
506,146,1004.592716,Gas Asociado Región Sur
507,147,996.999193,Gas Asociado Región Sur
508,148,997.204109,Gas Asociado Región Sur
509,149,975.779171,Gas Asociado Región Sur
510,150,959.639884,Gas Asociado Región Sur
511,151,951.155,Gas Asociado Región Sur
512,152,937.428618,Gas Asociado Región Sur
513,153,917.755402,Gas Asociado Región Sur
514,154,895.416759,Gas Asociado Región Sur
515,155,881.773474,Gas Asociado Región Sur
516,156,869.849935,Gas Asociado Región Sur
517,157,849.677761,Gas Asociado Región Sur
518,158,816.87253,Gas Asociado Región Sur
519,159,810.917056,Gas Asociado Región Sur
520,160,808.919943,Gas Asociado Región Sur
521,161,791.653087,Gas Asociado Región Sur
522,162,799.882994,Gas Asociado Región Sur
523,163,799.155902,Gas Asociado Región Sur
524,164,779.280758,Gas Asociado Región Sur
525,165,773.836374,Gas Asociado Región Sur
526,166,775.723008,Gas Asociado Región Sur
527,167,761.584359,Gas Asociado Región Sur
528,168,773.959622,Gas Asociado Región Sur
529,169,794.663091,Gas Asociado Región Sur
530,170,790.911259,Gas Asociado Región Sur
531,171,774.038012,Gas Asociado Región Sur
532,172,751.226236,Gas Asociado Región Sur
533,173,744.743766,Gas Asociado Región Sur
534,174,744.595062,Gas Asociado Región Sur
535,175,760.748779,Gas Asociado Región Sur
536,176,787.00221,Gas Asociado Región Sur
537,177,824.011553,Gas Asociado Región Sur
538,178,835.201017,Gas Asociado Región Sur
539,179,854.068708,Gas Asociado Región Sur
540,180,863.781206,Gas Asociado Región Sur
541,1,117.797019,Gas Asociado Región Norte
542,2,117.446776,Gas Asociado Región Norte
543,3,118.29246,Gas Asociado Región Norte
544,4,120.561669,Gas Asociado Región Norte
545,5,121.856642,Gas Asociado Región Norte
546,6,122.613768,Gas Asociado Región Norte
547,7,119.959866,Gas Asociado Región Norte
548,8,121.121306,Gas Asociado Región Norte
549,9,119.565199,Gas Asociado Región Norte
550,10,117.413654,Gas Asociado Región Norte
551,11,116.565219,Gas Asociado Región Norte
552,12,116.604524,Gas Asociado Región Norte
553,13,118.896093,Gas Asociado Región Norte
554,14,120.11116,Gas Asociado Región Norte
555,15,122.122703,Gas Asociado Región Norte
556,16,122.677594,Gas Asociado Región Norte
557,17,120.984676,Gas Asociado Región Norte
558,18,125.473777,Gas Asociado Región Norte
559,19,123.938568,Gas Asociado Región Norte
560,20,123.059708,Gas Asociado Región Norte
561,21,125.219772,Gas Asociado Región Norte
562,22,128.703334,Gas Asociado Región Norte
563,23,129.46475,Gas Asociado Región Norte
564,24,129.958736,Gas Asociado Región Norte
565,25,130.204639,Gas Asociado Región Norte
566,26,130.954767,Gas Asociado Región Norte
567,27,131.284611,Gas Asociado Región Norte
568,28,130.585276,Gas Asociado Región Norte
569,29,130.80017,Gas Asociado Región Norte
570,30,135.905822,Gas Asociado Región Norte
571,31,137.013717,Gas Asociado Región Norte
572,32,132.603403,Gas Asociado Región Norte
573,33,124.61492,Gas Asociado Región Norte
574,34,129.245665,Gas Asociado Región Norte
575,35,130.065983,Gas Asociado Región Norte
576,36,137.749176,Gas Asociado Región Norte
577,37,132.620068,Gas Asociado Región Norte
578,38,138.235509,Gas Asociado Región Norte
579,39,137.310011,Gas Asociado Región Norte
580,40,135.589319,Gas Asociado Región Norte
581,41,139.562835,Gas Asociado Región Norte
582,42,137.824389,Gas Asociado Región Norte
583,43,135.615705,Gas Asociado Región Norte
584,44,135.474829,Gas Asociado Región Norte
585,45,134.847328,Gas Asociado Región Norte
586,46,141.385412,Gas Asociado Región Norte
587,47,160.422683,Gas Asociado Región Norte
588,48,167.314372,Gas Asociado Región Norte
589,49,165.620288,Gas Asociado Región Norte
590,50,173.456897,Gas Asociado Región Norte
591,51,175.01788,Gas Asociado Región Norte
592,52,168.608846,Gas Asociado Región Norte
593,53,174.09445,Gas Asociado Región Norte
594,54,173.681171,Gas Asociado Región Norte
595,55,176.446589,Gas Asociado Región Norte
596,56,167.585045,Gas Asociado Región Norte
597,57,155.657314,Gas Asociado Región Norte
598,58,156.202007,Gas Asociado Región Norte
599,59,155.260058,Gas Asociado Región Norte
600,60,152.343164,Gas Asociado Región Norte
601,61,156.219286,Gas Asociado Región Norte
602,62,174.27438,Gas Asociado Región Norte
603,63,180.222026,Gas Asociado Región Norte
604,64,183.130144,Gas Asociado Región Norte
605,65,190.759857,Gas Asociado Región Norte
606,66,186.833033,Gas Asociado Región Norte
607,67,186.971956,Gas Asociado Región Norte
608,68,189.463035,Gas Asociado Región Norte
609,69,197.64866,Gas Asociado Región Norte
610,70,199.122562,Gas Asociado Región Norte
611,71,200.137458,Gas Asociado Región Norte
612,72,200.394512,Gas Asociado Región Norte
613,73,200.994067,Gas Asociado Región Norte
614,74,205.440395,Gas Asociado Región Norte
615,75,227.842466,Gas Asociado Región Norte
616,76,231.521185,Gas Asociado Región Norte
617,77,224.060739,Gas Asociado Región Norte
618,78,228.279982,Gas Asociado Región Norte
619,79,234.651424,Gas Asociado Región Norte
620,80,238.405423,Gas Asociado Región Norte
621,81,254.238468,Gas Asociado Región Norte
622,82,265.065367,Gas Asociado Región Norte
623,83,254.803328,Gas Asociado Región Norte
624,84,267.782439,Gas Asociado Región Norte
625,85,278.319295,Gas Asociado Región Norte
626,86,292.352179,Gas Asociado Región Norte
627,87,284.695899,Gas Asociado Región Norte
628,88,302.76364,Gas Asociado Región Norte
629,89,321.352743,Gas Asociado Región Norte
630,90,316.217134,Gas Asociado Región Norte
631,91,322.340183,Gas Asociado Región Norte
632,92,318.412728,Gas Asociado Región Norte
633,93,313.334135,Gas Asociado Región Norte
634,94,319.667559,Gas Asociado Región Norte
635,95,334.810309,Gas Asociado Región Norte
636,96,349.618077,Gas Asociado Región Norte
637,97,350.511219,Gas Asociado Región Norte
638,98,371.777209,Gas Asociado Región Norte
639,99,377.963493,Gas Asociado Región Norte
640,100,368.096707,Gas Asociado Región Norte
641,101,372.189491,Gas Asociado Región Norte
642,102,376.237999,Gas Asociado Región Norte
643,103,388.882627,Gas Asociado Región Norte
644,104,388.869313,Gas Asociado Región Norte
645,105,388.852787,Gas Asociado Región Norte
646,106,381.657673,Gas Asociado Región Norte
647,107,383.160889,Gas Asociado Región Norte
648,108,383.325003,Gas Asociado Región Norte
649,109,381.182366,Gas Asociado Región Norte
650,110,391.654287,Gas Asociado Región Norte
651,111,389.02638,Gas Asociado Región Norte
652,112,386.229574,Gas Asociado Región Norte
653,113,382.69295,Gas Asociado Región Norte
654,114,386.68489,Gas Asociado Región Norte
655,115,242.996402,Gas Asociado Región Norte
656,116,243.768696,Gas Asociado Región Norte
657,117,243.760374,Gas Asociado Región Norte
658,118,242.300922,Gas Asociado Región Norte
659,119,245.271016,Gas Asociado Región Norte
660,120,244.941642,Gas Asociado Región Norte
661,121,244.040437,Gas Asociado Región Norte
662,122,246.378164,Gas Asociado Región Norte
663,123,247.717767,Gas Asociado Región Norte
664,124,248.685993,Gas Asociado Región Norte
665,125,247.90192,Gas Asociado Región Norte
666,126,246.176544,Gas Asociado Región Norte
667,127,239.81974,Gas Asociado Región Norte
668,128,245.641211,Gas Asociado Región Norte
669,129,248.390925,Gas Asociado Región Norte
670,130,249.240456,Gas Asociado Región Norte
671,131,252.383406,Gas Asociado Región Norte
672,132,249.454439,Gas Asociado Región Norte
673,133,249.55503,Gas Asociado Región Norte
674,134,249.335859,Gas Asociado Región Norte
675,135,245.527798,Gas Asociado Región Norte
676,136,245.507254,Gas Asociado Región Norte
677,137,247.286946,Gas Asociado Región Norte
678,138,249.00433,Gas Asociado Región Norte
679,139,246.00827,Gas Asociado Región Norte
680,140,245.46512,Gas Asociado Región Norte
681,141,246.255868,Gas Asociado Región Norte
682,142,244.597203,Gas Asociado Región Norte
683,143,241.770688,Gas Asociado Región Norte
684,144,238.85261,Gas Asociado Región Norte
685,145,236.459593,Gas Asociado Región Norte
686,146,236.313083,Gas Asociado Región Norte
687,147,235.536357,Gas Asociado Región Norte
688,148,224.125107,Gas Asociado Región Norte
689,149,217.177428,Gas Asociado Región Norte
690,150,217.488255,Gas Asociado Región Norte
691,151,212.25974,Gas Asociado Región Norte
692,152,214.219159,Gas Asociado Región Norte
693,153,211.244286,Gas Asociado Región Norte
694,154,204.916306,Gas Asociado Región Norte
695,155,206.347422,Gas Asociado Región Norte
696,156,206.442414,Gas Asociado Región Norte
697,157,206.688723,Gas Asociado Región Norte
698,158,202.994427,Gas Asociado Región Norte
699,159,201.370703,Gas Asociado Región Norte
700,160,210.130482,Gas Asociado Región Norte
701,161,212.650124,Gas Asociado Región Norte
702,162,215.635386,Gas Asociado Región Norte
703,163,210.561655,Gas Asociado Región Norte
704,164,205.100083,Gas Asociado Región Norte
705,165,194.909094,Gas Asociado Región Norte
706,166,204.031627,Gas Asociado Región Norte
707,167,205.299513,Gas Asociado Región Norte
708,168,207.778176,Gas Asociado Región Norte
709,169,194.270472,Gas Asociado Región Norte
710,170,198.127292,Gas Asociado Región Norte
711,171,203.072671,Gas Asociado Región Norte
712,172,205.884462,Gas Asociado Región Norte
713,173,206.41336,Gas Asociado Región Norte
714,174,217.077057,Gas Asociado Región Norte
715,175,181.217325,Gas Asociado Región Norte
716,176,177.264318,Gas Asociado Región Norte
717,177,180.949133,Gas Asociado Región Norte
718,178,177.585049,Gas Asociado Región Norte
719,179,177.38363,Gas Asociado Región Norte
720,180,178.949716,Gas Asociado Región Norte
721,1,1528.20962,Gas No Asociado Región Norte
722,2,1592.57639,Gas No Asociado Región Norte
723,3,1634.22639,Gas No Asociado Región Norte
724,4,1671.897482,Gas No Asociado Región Norte
725,5,1727.01391,Gas No Asociado Región Norte
726,6,1737.105525,Gas No Asociado Región Norte
727,7,1731.204884,Gas No Asociado Región Norte
728,8,1765.856365,Gas No Asociado Región Norte
729,9,1756.445961,Gas No Asociado Región Norte
730,10,1784.987771,Gas No Asociado Región Norte
731,11,1807.737967,Gas No Asociado Región Norte
732,12,1847.357467,Gas No Asociado Región Norte
733,13,1902.689476,Gas No Asociado Región Norte
734,14,1908.551971,Gas No Asociado Región Norte
735,15,1981.615859,Gas No Asociado Región Norte
736,16,2063.738749,Gas No Asociado Región Norte
737,17,2067.66621,Gas No Asociado Región Norte
738,18,2086.90383,Gas No Asociado Región Norte
739,19,2093.870849,Gas No Asociado Región Norte
740,20,2194.181303,Gas No Asociado Región Norte
741,21,2218.13492,Gas No Asociado Región Norte
742,22,2220.296014,Gas No Asociado Región Norte
743,23,2215.941317,Gas No Asociado Región Norte
744,24,2273.61637,Gas No Asociado Región Norte
745,25,2306.418859,Gas No Asociado Región Norte
746,26,2326.887748,Gas No Asociado Región Norte
747,27,2396.570232,Gas No Asociado Región Norte
748,28,2412.546802,Gas No Asociado Región Norte
749,29,2433.471947,Gas No Asociado Región Norte
750,30,2473.781698,Gas No Asociado Región Norte
751,31,2502.980612,Gas No Asociado Región Norte
752,32,2510.164598,Gas No Asociado Región Norte
753,33,2264.479449,Gas No Asociado Región Norte
754,34,2493.647054,Gas No Asociado Región Norte
755,35,2492.58619,Gas No Asociado Región Norte
756,36,2466.230025,Gas No Asociado Región Norte
757,37,2451.210484,Gas No Asociado Región Norte
758,38,2440.037268,Gas No Asociado Región Norte
759,39,2450.220164,Gas No Asociado Región Norte
760,40,2467.215456,Gas No Asociado Región Norte
761,41,2427.807482,Gas No Asociado Región Norte
762,42,2408.687468,Gas No Asociado Región Norte
763,43,2386.839311,Gas No Asociado Región Norte
764,44,2384.134793,Gas No Asociado Región Norte
765,45,2359.002179,Gas No Asociado Región Norte
766,46,2333.455971,Gas No Asociado Región Norte
767,47,2368.573129,Gas No Asociado Región Norte
768,48,2355.262962,Gas No Asociado Región Norte
769,49,2354.946152,Gas No Asociado Región Norte
770,50,2320.521375,Gas No Asociado Región Norte
771,51,2342.549582,Gas No Asociado Región Norte
772,52,2342.599096,Gas No Asociado Región Norte
773,53,2364.42866,Gas No Asociado Región Norte
774,54,2355.332893,Gas No Asociado Región Norte
775,55,2366.56912,Gas No Asociado Región Norte
776,56,2375.468209,Gas No Asociado Región Norte
777,57,2367.287162,Gas No Asociado Región Norte
778,58,2413.093501,Gas No Asociado Región Norte
779,59,2417.833045,Gas No Asociado Región Norte
780,60,2425.504665,Gas No Asociado Región Norte
781,61,2470.124848,Gas No Asociado Región Norte
782,62,2487.295145,Gas No Asociado Región Norte
783,63,2436.898514,Gas No Asociado Región Norte
784,64,2417.707751,Gas No Asociado Región Norte
785,65,2390.783029,Gas No Asociado Región Norte
786,66,2319.952131,Gas No Asociado Región Norte
787,67,2214.8749,Gas No Asociado Región Norte
788,68,2253.866685,Gas No Asociado Región Norte
789,69,2230.508317,Gas No Asociado Región Norte
790,70,2186.462732,Gas No Asociado Región Norte
791,71,2168.5423,Gas No Asociado Región Norte
792,72,2188.68477,Gas No Asociado Región Norte
793,73,2176.528768,Gas No Asociado Región Norte
794,74,2134.316971,Gas No Asociado Región Norte
795,75,2108.192156,Gas No Asociado Región Norte
796,76,2072.884865,Gas No Asociado Región Norte
797,77,2052.47299,Gas No Asociado Región Norte
798,78,2043.506283,Gas No Asociado Región Norte
799,79,2018.129006,Gas No Asociado Región Norte
800,80,2054.286667,Gas No Asociado Región Norte
801,81,2012.835886,Gas No Asociado Región Norte
802,82,1998.904815,Gas No Asociado Región Norte
803,83,1988.227025,Gas No Asociado Región Norte
804,84,1963.659503,Gas No Asociado Región Norte
805,85,1939.136984,Gas No Asociado Región Norte
806,86,1935.364779,Gas No Asociado Región Norte
807,87,1913.685069,Gas No Asociado Región Norte
808,88,1891.510863,Gas No Asociado Región Norte
809,89,1892.415764,Gas No Asociado Región Norte
810,90,1863.704936,Gas No Asociado Región Norte
811,91,1862.136909,Gas No Asociado Región Norte
812,92,1875.236304,Gas No Asociado Región Norte
813,93,1593.472813,Gas No Asociado Región Norte
814,94,1363.400545,Gas No Asociado Región Norte
815,95,1916.635135,Gas No Asociado Región Norte
816,96,1875.580518,Gas No Asociado Región Norte
817,97,1844.206699,Gas No Asociado Región Norte
818,98,1852.092144,Gas No Asociado Región Norte
819,99,1813.058411,Gas No Asociado Región Norte
820,100,1758.914532,Gas No Asociado Región Norte
821,101,1704.909001,Gas No Asociado Región Norte
822,102,1669.933798,Gas No Asociado Región Norte
823,103,1669.328072,Gas No Asociado Región Norte
824,104,1643.593692,Gas No Asociado Región Norte
825,105,1606.703833,Gas No Asociado Región Norte
826,106,1554.645263,Gas No Asociado Región Norte
827,107,1556.599226,Gas No Asociado Región Norte
828,108,1533.535405,Gas No Asociado Región Norte
829,109,1505.648322,Gas No Asociado Región Norte
830,110,1515.313371,Gas No Asociado Región Norte
831,111,1508.599245,Gas No Asociado Región Norte
832,112,1512.126239,Gas No Asociado Región Norte
833,113,1516.475006,Gas No Asociado Región Norte
834,114,1543.383081,Gas No Asociado Región Norte
835,115,1702.518415,Gas No Asociado Región Norte
836,116,1706.536801,Gas No Asociado Región Norte
837,117,1704.404305,Gas No Asociado Región Norte
838,118,1735.104195,Gas No Asociado Región Norte
839,119,1714.07937,Gas No Asociado Región Norte
840,120,1697.441539,Gas No Asociado Región Norte
841,121,1671.449092,Gas No Asociado Región Norte
842,122,1659.196335,Gas No Asociado Región Norte
843,123,1627.735188,Gas No Asociado Región Norte
844,124,1581.482842,Gas No Asociado Región Norte
845,125,1482.711159,Gas No Asociado Región Norte
846,126,1509.116428,Gas No Asociado Región Norte
847,127,1460.44499,Gas No Asociado Región Norte
848,128,1399.549309,Gas No Asociado Región Norte
849,129,1395.102791,Gas No Asociado Región Norte
850,130,1384.14897,Gas No Asociado Región Norte
851,131,1368.511933,Gas No Asociado Región Norte
852,132,1362.318423,Gas No Asociado Región Norte
853,133,1350.875883,Gas No Asociado Región Norte
854,134,1346.242985,Gas No Asociado Región Norte
855,135,1310.136177,Gas No Asociado Región Norte
856,136,1287.498763,Gas No Asociado Región Norte
857,137,1234.650496,Gas No Asociado Región Norte
858,138,1198.213344,Gas No Asociado Región Norte
859,139,1157.629564,Gas No Asociado Región Norte
860,140,1122.719291,Gas No Asociado Región Norte
861,141,1088.23484,Gas No Asociado Región Norte
862,142,1059.191638,Gas No Asociado Región Norte
863,143,1027.347246,Gas No Asociado Región Norte
864,144,1008.491532,Gas No Asociado Región Norte
865,145,990.578758,Gas No Asociado Región Norte
866,146,977.540954,Gas No Asociado Región Norte
867,147,966.833283,Gas No Asociado Región Norte
868,148,967.831676,Gas No Asociado Región Norte
869,149,959.961956,Gas No Asociado Región Norte
870,150,966.463224,Gas No Asociado Región Norte
871,151,951.878,Gas No Asociado Región Norte
872,152,942.247126,Gas No Asociado Región Norte
873,153,930.695957,Gas No Asociado Región Norte
874,154,928.650228,Gas No Asociado Región Norte
875,155,925.251615,Gas No Asociado Región Norte
876,156,906.130805,Gas No Asociado Región Norte
877,157,887.89909,Gas No Asociado Región Norte
878,158,874.325579,Gas No Asociado Región Norte
879,159,867.501602,Gas No Asociado Región Norte
880,160,855.34638,Gas No Asociado Región Norte
881,161,846.706517,Gas No Asociado Región Norte
882,162,822.280555,Gas No Asociado Región Norte
883,163,795.091901,Gas No Asociado Región Norte
884,164,788.740283,Gas No Asociado Región Norte
885,165,790.913293,Gas No Asociado Región Norte
886,166,792.140783,Gas No Asociado Región Norte
887,167,789.507688,Gas No Asociado Región Norte
888,168,787.753118,Gas No Asociado Región Norte
889,169,783.008146,Gas No Asociado Región Norte
890,170,777.129755,Gas No Asociado Región Norte
891,171,770.928267,Gas No Asociado Región Norte
892,172,753.018553,Gas No Asociado Región Norte
893,173,758.203644,Gas No Asociado Región Norte
894,174,761.561464,Gas No Asociado Región Norte
895,175,813.114432,Gas No Asociado Región Norte
896,176,827.576639,Gas No Asociado Región Norte
897,177,819.332852,Gas No Asociado Región Norte
898,178,820.722282,Gas No Asociado Región Norte
899,179,823.188767,Gas No Asociado Región Norte
900,180,810.0376,Gas No Asociado Región Norte
901,1,154.040228,Gas No Asociado Región Sur
902,2,157.599967,Gas No Asociado Región Sur
903,3,155.578054,Gas No Asociado Región Sur
904,4,156.616776,Gas No Asociado Región Sur
905,5,145.6835,Gas No Asociado Región Sur
906,6,146.057882,Gas No Asociado Región Sur
907,7,143.307237,Gas No Asociado Región Sur
908,8,141.246562,Gas No Asociado Región Sur
909,9,146.34652,Gas No Asociado Región Sur
910,10,143.00068,Gas No Asociado Región Sur
911,11,144.032192,Gas No Asociado Región Sur
912,12,141.129416,Gas No Asociado Región Sur
913,13,134.004341,Gas No Asociado Región Sur
914,14,136.023299,Gas No Asociado Región Sur
915,15,142.15989,Gas No Asociado Región Sur
916,16,138.82406,Gas No Asociado Región Sur
917,17,136.806237,Gas No Asociado Región Sur
918,18,135.751543,Gas No Asociado Región Sur
919,19,150.412784,Gas No Asociado Región Sur
920,20,206.889183,Gas No Asociado Región Sur
921,21,180.053909,Gas No Asociado Región Sur
922,22,177.7497,Gas No Asociado Región Sur
923,23,205.882477,Gas No Asociado Región Sur
924,24,205.887599,Gas No Asociado Región Sur
925,25,184.95908,Gas No Asociado Región Sur
926,26,196.61709,Gas No Asociado Región Sur
927,27,201.548234,Gas No Asociado Región Sur
928,28,198.178469,Gas No Asociado Región Sur
929,29,201.978276,Gas No Asociado Región Sur
930,30,197.424978,Gas No Asociado Región Sur
931,31,182.661706,Gas No Asociado Región Sur
932,32,188.353983,Gas No Asociado Región Sur
933,33,181.414613,Gas No Asociado Región Sur
934,34,179.915182,Gas No Asociado Región Sur
935,35,170.650662,Gas No Asociado Región Sur
936,36,182.169478,Gas No Asociado Región Sur
937,37,188.513844,Gas No Asociado Región Sur
938,38,190.691478,Gas No Asociado Región Sur
939,39,191.54381,Gas No Asociado Región Sur
940,40,191.475798,Gas No Asociado Región Sur
941,41,192.557652,Gas No Asociado Región Sur
942,42,201.143279,Gas No Asociado Región Sur
943,43,198.498364,Gas No Asociado Región Sur
944,44,205.918943,Gas No Asociado Región Sur
945,45,203.00575,Gas No Asociado Región Sur
946,46,202.754284,Gas No Asociado Región Sur
947,47,196.00899,Gas No Asociado Región Sur
948,48,193.079072,Gas No Asociado Región Sur
949,49,188.301955,Gas No Asociado Región Sur
950,50,186.73552,Gas No Asociado Región Sur
951,51,180.739481,Gas No Asociado Región Sur
952,52,178.767284,Gas No Asociado Región Sur
953,53,185.672832,Gas No Asociado Región Sur
954,54,187.587596,Gas No Asociado Región Sur
955,55,183.118846,Gas No Asociado Región Sur
956,56,180.43228,Gas No Asociado Región Sur
957,57,176.949735,Gas No Asociado Región Sur
958,58,173.049906,Gas No Asociado Región Sur
959,59,169.711673,Gas No Asociado Región Sur
960,60,162.652588,Gas No Asociado Región Sur
961,61,159.279495,Gas No Asociado Región Sur
962,62,156.053094,Gas No Asociado Región Sur
963,63,158.586841,Gas No Asociado Región Sur
964,64,156.119255,Gas No Asociado Región Sur
965,65,155.751732,Gas No Asociado Región Sur
966,66,152.736775,Gas No Asociado Región Sur
967,67,149.654978,Gas No Asociado Región Sur
968,68,148.17297,Gas No Asociado Región Sur
969,69,145.846505,Gas No Asociado Región Sur
970,70,139.783415,Gas No Asociado Región Sur
971,71,102.061043,Gas No Asociado Región Sur
972,72,120.814085,Gas No Asociado Región Sur
973,73,135.389149,Gas No Asociado Región Sur
974,74,135.910611,Gas No Asociado Región Sur
975,75,132.139133,Gas No Asociado Región Sur
976,76,127.667813,Gas No Asociado Región Sur
977,77,125.027178,Gas No Asociado Región Sur
978,78,122.674764,Gas No Asociado Región Sur
979,79,119.582467,Gas No Asociado Región Sur
980,80,119.607146,Gas No Asociado Región Sur
981,81,108.774258,Gas No Asociado Región Sur
982,82,105.879948,Gas No Asociado Región Sur
983,83,102.414187,Gas No Asociado Región Sur
984,84,98.779521,Gas No Asociado Región Sur
985,85,96.226208,Gas No Asociado Región Sur
986,86,95.667972,Gas No Asociado Región Sur
987,87,90.286723,Gas No Asociado Región Sur
988,88,84.308477,Gas No Asociado Región Sur
989,89,79.47119,Gas No Asociado Región Sur
990,90,78.620921,Gas No Asociado Región Sur
991,91,79.568997,Gas No Asociado Región Sur
992,92,76.534773,Gas No Asociado Región Sur
993,93,76.890676,Gas No Asociado Región Sur
994,94,83.456441,Gas No Asociado Región Sur
995,95,80.229044,Gas No Asociado Región Sur
996,96,80.582696,Gas No Asociado Región Sur
997,97,79.404573,Gas No Asociado Región Sur
998,98,78.891117,Gas No Asociado Región Sur
999,99,76.841841,Gas No Asociado Región Sur
1000,100,74.676306,Gas No Asociado Región Sur
1001,101,73.175044,Gas No Asociado Región Sur
1002,102,70.008177,Gas No Asociado Región Sur
1003,103,74.413488,Gas No Asociado Región Sur
1004,104,76.958907,Gas No Asociado Región Sur
1005,105,77.691726,Gas No Asociado Región Sur
1006,106,83.420268,Gas No Asociado Región Sur
1007,107,88.899865,Gas No Asociado Región Sur
1008,108,100.933674,Gas No Asociado Región Sur
1009,109,102.34282,Gas No Asociado Región Sur
1010,110,101.235351,Gas No Asociado Región Sur
1011,111,102.566624,Gas No Asociado Región Sur
1012,112,102.697733,Gas No Asociado Región Sur
1013,113,99.896275,Gas No Asociado Región Sur
1014,114,98.755382,Gas No Asociado Región Sur
1015,115,98.220139,Gas No Asociado Región Sur
1016,116,96.954979,Gas No Asociado Región Sur
1017,117,101.32756,Gas No Asociado Región Sur
1018,118,98.461733,Gas No Asociado Región Sur
1019,119,87.534214,Gas No Asociado Región Sur
1020,120,83.414057,Gas No Asociado Región Sur
1021,121,88.043417,Gas No Asociado Región Sur
1022,122,89.453298,Gas No Asociado Región Sur
1023,123,83.140662,Gas No Asociado Región Sur
1024,124,84.975088,Gas No Asociado Región Sur
1025,125,85.484512,Gas No Asociado Región Sur
1026,126,85.158759,Gas No Asociado Región Sur
1027,127,87.387901,Gas No Asociado Región Sur
1028,128,66.898717,Gas No Asociado Región Sur
1029,129,88.524026,Gas No Asociado Región Sur
1030,130,87.504869,Gas No Asociado Región Sur
1031,131,83.937016,Gas No Asociado Región Sur
1032,132,84.3828,Gas No Asociado Región Sur
1033,133,83.758065,Gas No Asociado Región Sur
1034,134,80.46298,Gas No Asociado Región Sur
1035,135,73.512743,Gas No Asociado Región Sur
1036,136,70.40583,Gas No Asociado Región Sur
1037,137,70.129967,Gas No Asociado Región Sur
1038,138,69.505255,Gas No Asociado Región Sur
1039,139,66.791956,Gas No Asociado Región Sur
1040,140,65.164923,Gas No Asociado Región Sur
1041,141,63.158464,Gas No Asociado Región Sur
1042,142,64.739191,Gas No Asociado Región Sur
1043,143,64.995561,Gas No Asociado Región Sur
1044,144,62.449286,Gas No Asociado Región Sur
1045,145,61.440758,Gas No Asociado Región Sur
1046,146,53.258248,Gas No Asociado Región Sur
1047,147,59.128459,Gas No Asociado Región Sur
1048,148,63.006454,Gas No Asociado Región Sur
1049,149,63.155873,Gas No Asociado Región Sur
1050,150,64.034559,Gas No Asociado Región Sur
1051,151,63.017,Gas No Asociado Región Sur
1052,152,63.132291,Gas No Asociado Región Sur
1053,153,62.427501,Gas No Asociado Región Sur
1054,154,58.293418,Gas No Asociado Región Sur
1055,155,53.782675,Gas No Asociado Región Sur
1056,156,52.227236,Gas No Asociado Región Sur
1057,157,98.757251,Gas No Asociado Región Sur
1058,158,98.878306,Gas No Asociado Región Sur
1059,159,103.72219,Gas No Asociado Región Sur
1060,160,101.254355,Gas No Asociado Región Sur
1061,161,95.965543,Gas No Asociado Región Sur
1062,162,90.614106,Gas No Asociado Región Sur
1063,163,86.71988,Gas No Asociado Región Sur
1064,164,89.832846,Gas No Asociado Región Sur
1065,165,86.380958,Gas No Asociado Región Sur
1066,166,82.173265,Gas No Asociado Región Sur
1067,167,76.443437,Gas No Asociado Región Sur
1068,168,65.915543,Gas No Asociado Región Sur
1069,169,74.127562,Gas No Asociado Región Sur
1070,170,80.224727,Gas No Asociado Región Sur
1071,171,69.483795,Gas No Asociado Región Sur
1072,172,71.217576,Gas No Asociado Región Sur
1073,173,70.454706,Gas No Asociado Región Sur
1074,174,69.529751,Gas No Asociado Región Sur
1075,175,66.67993,Gas No Asociado Región Sur
1076,176,61.720981,Gas No Asociado Región Sur
1077,177,68.129287,Gas No Asociado Región Sur
1078,178,71.990949,Gas No Asociado Región Sur
1079,179,71.035249,Gas No Asociado Región Sur
1080,180,71.273934,Gas No Asociado Región Sur
